[14:54:51.904] [Preview Server] TRAE_JWT_TOKEN_PATH not set, using fallback: C:\Users\16907\.trae-cn\trae-jwt-token
[14:54:51.940] Try reusing port from lock file: 54154
[14:54:51.962] Server listening on port 54154, PID 36264
[14:54:51.995] readProjectFiles, Found 56 files to read.
[14:54:52.109] Starting PAI Cloud Dev...
[14:54:52.110] [Preview Server] TRAE_JWT_TOKEN_PATH not set, using fallback: C:\Users\16907\.trae-cn\trae-jwt-token
[14:54:53.366] [PAI SDK] createCloudSession response: {
  "code": 0,
  "msg": "success",
  "sandboxId": "vefaas-f0vkicge-38hai6w31d-d8vmm6g2032lkmqlt1og-sandbox",
  "endpoint": "https://sd62opo6oqou1ckhsuo00.apigateway-cn-beijing.volceapi.com"
}
[14:54:53.494] [PAI SDK] cloudServer.start called, appId: pai-preview-trae-7ff0a469
[14:54:54.091] [PAI SDK] Received event: log {"content":"\n> taro_template@1.0.0 dev:h5\n> npm run build:h5 -- --watch\n\n\n> taro_template@1.0.0 build:h5\n> taro build --type h5 --watch\n\n","timestamp":1782543292931}
[14:54:54.345] [PAI SDK] Received event: log {"content":"👽 Taro v4.1.9\n\n","timestamp":1782543293185}
[14:54:55.377] [PAI SDK] Received event: log {"content":"Tips:\n1. 建议开启持久化缓存功能，能有效提升二次编译速度，详情请参考: https://docs.taro.zone/docs/config-detail#cache。\n\n\n","timestamp":1782543294181}
[14:54:57.097] [PAI SDK] Received event: log {"content":"ℹ 预览端口 10086 被占用, 自动切换到空闲端口 10087\n","timestamp":1782543295936}
[14:54:57.785] [PAI SDK] Received event: log {"content":"- 即将开始启动编译，请稍等~\n","timestamp":1782543296627}
[14:55:01.309] [Preview Server] Frontend connected, clients size = 1
[14:55:01.327] [Preview Server] TRAE_JWT_TOKEN_PATH not set, using fallback: C:\Users\16907\.trae-cn\trae-jwt-token
[14:55:12.810] [PAI SDK] Received event: compile_error [{"filename":"","lineNumber":0,"description":"✖ Errors: \n\nModuleBuildError: Module build failed (from ../../../var/cache/pai-dev-server/prewarm/taro/a1bbf427d8f435dfb115d5256b2475a3/node_modules/.pnpm/sass-loader@14.2.1_sass@1.101.0_webpack@5.78.0_@swc+core@1.3.96_postcss@8.5.15_/node_modules/sass-loader/dist/cjs.js):\nUndefined variable.\n    ╷\n285 │     color: $color-text-placeholder;\n    │            ^^^^^^^^^^^^^^^^^^^^^^^\n    ╵\n  src/pages/medication/index.module.scss 285:12  root stylesheet\n\n","timestamp":1782543311631}]
[14:55:13.177] [PAI SDK] Received event: log {"content":"🙅   编译失败. 6/27/2026, 2:55:12 PM\n\n","timestamp":1782543312016}
[14:55:13.178] [PAI SDK] Received event: compile_error [{"filename":"","lineNumber":0,"description":"ModuleBuildError: Module build failed (from ../../../var/cache/pai-dev-server/prewarm/taro/a1bbf427d8f435dfb115d5256b2475a3/node_modules/.pnpm/sass-loader@14.2.1_sass@1.101.0_webpack@5.78.0_@swc+core@1.3.96_postcss@8.5.15_/node_modules/sass-loader/dist/cjs.js):\nUndefined variable.\n    ╷\n285 │     color: $color-text-placeholder;\n    │            ^^^^^^^^^^^^^^^^^^^^^^^\n    ╵\n  src/pages/medication/index.module.scss 285:12  root stylesheet\n\n\nℹ️  Listening at http://9.96.222.179:10087/\n\n监听文件修改中...\n\n","timestamp":1782543312016}]
[14:55:13.179] [PAI SDK] cloudServer.start response: {
  "status": "running",
  "msg": "Cloud Server started successfully.",
  "hash": "pai-preview-trae-7ff0a469"
}
[14:55:13.278] [PAI SDK] Received event: compile_error [{"filename":"","lineNumber":0,"description":"ERROR in ./src/pages/medication/index.module.scss (../../../var/cache/pai-dev-server/prewarm/taro/a1bbf427d8f435dfb115d5256b2475a3/node_modules/.pnpm/css-loader@7.1.4_webpack@5.78.0_@swc+core@1.3.96_postcss@8.5.15_/node_modules/css-loader/dist/cjs.js??ruleSet[1].rules[2].oneOf[0].use[0]!../../../var/cache/pai-dev-server/prewarm/taro/a1bbf427d8f435dfb115d5256b2475a3/node_modules/.pnpm/postcss-loader@8.2.1_postcss@8.5.15_typescript@5.9.3_webpack@5.78.0_@swc+core@1.3.96_postcss@8.5.15_/node_modules/postcss-loader/dist/cjs.js??ruleSet[1].rules[3].use[0]!../../../var/cache/pai-dev-server/prewarm/taro/a1bbf427d8f435dfb115d5256b2475a3/node_modules/.pnpm/resolve-url-loader@5.0.0/node_modules/resolve-url-loader/index.js!../../../var/cache/pai-dev-server/prewarm/taro/a1bbf427d8f435dfb115d5256b2475a3/node_modules/.pnpm/sass-loader@14.2.1_sass@1.101.0_webpack@5.78.0_@swc+core@1.3.96_postcss@8.5.15_/node_modules/sass-loader/dist/cjs.js??ruleSet[1].rules[5].use[1]!./src/pages/medication/index.module.scss)\nModule build failed (from ../../../var/cache/pai-dev-server/prewarm/taro/a1bbf427d8f435dfb115d5256b2475a3/node_modules/.pnpm/sass-loader@14.2.1_sass@1.101.0_webpack@5.78.0_@swc+core@1.3.96_postcss@8.5.15_/node_modules/sass-loader/dist/cjs.js):\nUndefined variable.\n    ╷\n285 │     color: $color-text-placeholder;\n    │            ^^^^^^^^^^^^^^^^^^^^^^^\n    ╵\n  src/pages/medication/index.module.scss 285:12  root stylesheet\n   @ ./src/pages/medication/index.module.scss\n   @ ./src/pages/medication/index.tsx\n   @ ./src/app.config.ts","timestamp":1782543312111}]
[14:56:01.014] File change detected. Updating...
[14:56:01.043] readProjectFiles, Found 56 files to read.
[14:56:01.079] Files read. Count: 56
[14:56:01.079] Calling pai.updateCloudDev...
[14:56:01.080] [PAI SDK] cloudServer.update called, appId: pai-preview-trae-7ff0a469
[14:56:01.083] [Preview Server] TRAE_JWT_TOKEN_PATH not set, using fallback: C:\Users\16907\.trae-cn\trae-jwt-token
[14:56:01.250] [PAI SDK] Received event: reload {"url":"aipa://pai-preview-trae-7ff0a469.aipa-cloud.bytedance.net?type=pai","timestamp":1782543360065}
[14:56:01.251] [PAI SDK] CloudServer received reload event: {"url":"aipa://pai-preview-trae-7ff0a469.aipa-cloud.bytedance.net?type=pai","timestamp":1782543360065}
[14:56:01.251] [PAI SDK] reload, url = https://sd62opo6oqou1ckhsuo00.apigateway-cn-beijing.volceapi.com/?faasInstanceName=vefaas-f0vkicge-38hai6w31d-d8vmm6g2032lkmqlt1og-sandbox&hash=pai-preview-trae-7ff0a469
[14:56:01.252] [PAI SDK] cloudServer.update response: {
  "status": "running",
  "reload": false,
  "hash": "pai-preview-trae-7ff0a469"
}
[14:56:01.252] Update success (pai.updateCloudDev returned)
[14:56:03.869] [PAI SDK] Received event: compile_error [{"filename":"","lineNumber":0,"description":"ModuleBuildError: Module build failed (from ../../../var/cache/pai-dev-server/prewarm/taro/a1bbf427d8f435dfb115d5256b2475a3/node_modules/.pnpm/sass-loader@14.2.1_sass@1.101.0_webpack@5.78.0_@swc+core@1.3.96_postcss@8.5.15_/node_modules/sass-loader/dist/cjs.js):\nUndefined variable.\n    ╷\n420 │   padding: $spacing-xxl;\n    │            ^^^^^^^^^^^^\n    ╵\n  src/pages/medication/index.module.scss 420:12  root stylesheet\n\n","timestamp":1782543362633}]
[14:56:04.200] [PAI SDK] Received event: log {"content":"🙅   编译失败. 6/27/2026, 2:56:03 PM\n\n","timestamp":1782543363034}
[14:56:04.201] [PAI SDK] Received event: compile_error [{"filename":"","lineNumber":0,"description":"ModuleBuildError: Module build failed (from ../../../var/cache/pai-dev-server/prewarm/taro/a1bbf427d8f435dfb115d5256b2475a3/node_modules/.pnpm/sass-loader@14.2.1_sass@1.101.0_webpack@5.78.0_@swc+core@1.3.96_postcss@8.5.15_/node_modules/sass-loader/dist/cjs.js):\nUndefined variable.\n    ╷\n420 │   padding: $spacing-xxl;\n    │            ^^^^^^^^^^^^\n    ╵\n  src/pages/medication/index.module.scss 420:12  root stylesheet\n\n","timestamp":1782543363034}]
[14:56:04.248] [PAI SDK] Received event: compile_error [{"filename":"","lineNumber":0,"description":"ERROR in ./src/pages/medication/index.module.scss (../../../var/cache/pai-dev-server/prewarm/taro/a1bbf427d8f435dfb115d5256b2475a3/node_modules/.pnpm/css-loader@7.1.4_webpack@5.78.0_@swc+core@1.3.96_postcss@8.5.15_/node_modules/css-loader/dist/cjs.js??ruleSet[1].rules[2].oneOf[0].use[0]!../../../var/cache/pai-dev-server/prewarm/taro/a1bbf427d8f435dfb115d5256b2475a3/node_modules/.pnpm/postcss-loader@8.2.1_postcss@8.5.15_typescript@5.9.3_webpack@5.78.0_@swc+core@1.3.96_postcss@8.5.15_/node_modules/postcss-loader/dist/cjs.js??ruleSet[1].rules[3].use[0]!../../../var/cache/pai-dev-server/prewarm/taro/a1bbf427d8f435dfb115d5256b2475a3/node_modules/.pnpm/resolve-url-loader@5.0.0/node_modules/resolve-url-loader/index.js!../../../var/cache/pai-dev-server/prewarm/taro/a1bbf427d8f435dfb115d5256b2475a3/node_modules/.pnpm/sass-loader@14.2.1_sass@1.101.0_webpack@5.78.0_@swc+core@1.3.96_postcss@8.5.15_/node_modules/sass-loader/dist/cjs.js??ruleSet[1].rules[5].use[1]!./src/pages/medication/index.module.scss)\nModule build failed (from ../../../var/cache/pai-dev-server/prewarm/taro/a1bbf427d8f435dfb115d5256b2475a3/node_modules/.pnpm/sass-loader@14.2.1_sass@1.101.0_webpack@5.78.0_@swc+core@1.3.96_postcss@8.5.15_/node_modules/sass-loader/dist/cjs.js):\nUndefined variable.\n    ╷\n420 │   padding: $spacing-xxl;\n    │            ^^^^^^^^^^^^\n    ╵\n  src/pages/medication/index.module.scss 420:12  root stylesheet\n   @ ./src/pages/medication/index.module.scss\n   @ ./src/pages/medication/index.tsx\n   @ ./src/app.config.ts","timestamp":1782543363072}]
[14:56:18.260] Received update request via HTTP
[14:56:20.268] File change detected. Updating...
[14:56:20.290] readProjectFiles, Found 56 files to read.
[14:56:20.334] Files read. Count: 56
[14:56:20.334] Calling pai.updateCloudDev...
[14:56:20.335] [PAI SDK] cloudServer.update called, appId: pai-preview-trae-7ff0a469
[14:56:20.337] [Preview Server] TRAE_JWT_TOKEN_PATH not set, using fallback: C:\Users\16907\.trae-cn\trae-jwt-token
[14:56:20.455] [PAI SDK] Received event: reload {"url":"aipa://pai-preview-trae-7ff0a469.aipa-cloud.bytedance.net?type=pai","timestamp":1782543379291}
[14:56:20.456] [PAI SDK] CloudServer received reload event: {"url":"aipa://pai-preview-trae-7ff0a469.aipa-cloud.bytedance.net?type=pai","timestamp":1782543379291}
[14:56:20.456] [PAI SDK] reload, url = https://sd62opo6oqou1ckhsuo00.apigateway-cn-beijing.volceapi.com/?faasInstanceName=vefaas-f0vkicge-38hai6w31d-d8vmm6g2032lkmqlt1og-sandbox&hash=pai-preview-trae-7ff0a469
[14:56:20.456] [PAI SDK] cloudServer.update response: {
  "status": "running",
  "reload": false,
  "hash": "pai-preview-trae-7ff0a469"
}
[14:56:20.457] Update success (pai.updateCloudDev returned)
[14:56:20.504] [PAI SDK] Received event: log {"content":"<i> [webpack-dev-middleware] wait until bundle finished: /\n","timestamp":1782543379339}
[14:56:21.329] [PAI SDK] Received event: compile_error [{"filename":"","lineNumber":0,"description":"ModuleBuildError: Module build failed (from ../../../var/cache/pai-dev-server/prewarm/taro/a1bbf427d8f435dfb115d5256b2475a3/node_modules/.pnpm/sass-loader@14.2.1_sass@1.101.0_webpack@5.78.0_@swc+core@1.3.96_postcss@8.5.15_/node_modules/sass-loader/dist/cjs.js):\nUndefined variable.\n    ╷\n420 │   padding: $spacing-xxl;\n    │            ^^^^^^^^^^^^\n    ╵\n  src/pages/medication/index.module.scss 420:12  root stylesheet\n\n","timestamp":1782543380159}]
[14:56:21.693] [PAI SDK] Received event: log {"content":"🙅   编译失败. 6/27/2026, 2:56:20 PM\n\n","timestamp":1782543380510}
[14:56:21.694] [PAI SDK] Received event: compile_error [{"filename":"","lineNumber":0,"description":"ModuleBuildError: Module build failed (from ../../../var/cache/pai-dev-server/prewarm/taro/a1bbf427d8f435dfb115d5256b2475a3/node_modules/.pnpm/sass-loader@14.2.1_sass@1.101.0_webpack@5.78.0_@swc+core@1.3.96_postcss@8.5.15_/node_modules/sass-loader/dist/cjs.js):\nUndefined variable.\n    ╷\n420 │   padding: $spacing-xxl;\n    │            ^^^^^^^^^^^^\n    ╵\n  src/pages/medication/index.module.scss 420:12  root stylesheet\n\n","timestamp":1782543380511}]
[14:56:21.713] [PAI SDK] Received event: compile_error [{"filename":"","lineNumber":0,"description":"ERROR in ./src/pages/medication/index.module.scss (../../../var/cache/pai-dev-server/prewarm/taro/a1bbf427d8f435dfb115d5256b2475a3/node_modules/.pnpm/css-loader@7.1.4_webpack@5.78.0_@swc+core@1.3.96_postcss@8.5.15_/node_modules/css-loader/dist/cjs.js??ruleSet[1].rules[2].oneOf[0].use[0]!../../../var/cache/pai-dev-server/prewarm/taro/a1bbf427d8f435dfb115d5256b2475a3/node_modules/.pnpm/postcss-loader@8.2.1_postcss@8.5.15_typescript@5.9.3_webpack@5.78.0_@swc+core@1.3.96_postcss@8.5.15_/node_modules/postcss-loader/dist/cjs.js??ruleSet[1].rules[3].use[0]!../../../var/cache/pai-dev-server/prewarm/taro/a1bbf427d8f435dfb115d5256b2475a3/node_modules/.pnpm/resolve-url-loader@5.0.0/node_modules/resolve-url-loader/index.js!../../../var/cache/pai-dev-server/prewarm/taro/a1bbf427d8f435dfb115d5256b2475a3/node_modules/.pnpm/sass-loader@14.2.1_sass@1.101.0_webpack@5.78.0_@swc+core@1.3.96_postcss@8.5.15_/node_modules/sass-loader/dist/cjs.js??ruleSet[1].rules[5].use[1]!./src/pages/medication/index.module.scss)\nModule build failed (from ../../../var/cache/pai-dev-server/prewarm/taro/a1bbf427d8f435dfb115d5256b2475a3/node_modules/.pnpm/sass-loader@14.2.1_sass@1.101.0_webpack@5.78.0_@swc+core@1.3.96_postcss@8.5.15_/node_modules/sass-loader/dist/cjs.js):\nUndefined variable.\n    ╷\n420 │   padding: $spacing-xxl;\n    │            ^^^^^^^^^^^^\n    ╵\n  src/pages/medication/index.module.scss 420:12  root stylesheet\n   @ ./src/pages/medication/index.module.scss\n   @ ./src/pages/medication/index.tsx\n   @ ./src/app.config.ts","timestamp":1782543380545}]
[14:56:28.342] [Preview Server] Frontend disconnected, clients size = 1
[14:56:28.399] [Preview Server] Frontend connected, clients size = 1
[14:56:28.399] Sending cached status to new connection, lastStatusMessage = {"event":"status_change","message":{"url":"https://sd62opo6oqou1ckhsuo00.apigateway-cn-beijing.volceapi.com/?faasInstanceName=vefaas-f0vkicge-38hai6w31d-d8vmm6g2032lkmqlt1og-sandbox&hash=pai-preview-trae-7ff0a469","schema":"aipa://preview?type=pai&aipa_id=pai-preview-trae-7ff0a469&uuid=cbf8d3a2-c296-4fa7-8d26-c1064098bf25","status":"running","framework":"taro"}}
[14:56:28.400] Sending cached status to new connection, lastErrorMessage = {"event":"compile_error","message":[{"filename":"","lineNumber":0,"description":"ERROR in ./src/pages/medication/index.module.scss (../../../var/cache/pai-dev-server/prewarm/taro/a1bbf427d8f435dfb115d5256b2475a3/node_modules/.pnpm/css-loader@7.1.4_webpack@5.78.0_@swc+core@1.3.96_postcss@8.5.15_/node_modules/css-loader/dist/cjs.js??ruleSet[1].rules[2].oneOf[0].use[0]!../../../var/cache/pai-dev-server/prewarm/taro/a1bbf427d8f435dfb115d5256b2475a3/node_modules/.pnpm/postcss-loader@8.2.1_postcss@8.5.15_typescript@5.9.3_webpack@5.78.0_@swc+core@1.3.96_postcss@8.5.15_/node_modules/postcss-loader/dist/cjs.js??ruleSet[1].rules[3].use[0]!../../../var/cache/pai-dev-server/prewarm/taro/a1bbf427d8f435dfb115d5256b2475a3/node_modules/.pnpm/resolve-url-loader@5.0.0/node_modules/resolve-url-loader/index.js!../../../var/cache/pai-dev-server/prewarm/taro/a1bbf427d8f435dfb115d5256b2475a3/node_modules/.pnpm/sass-loader@14.2.1_sass@1.101.0_webpack@5.78.0_@swc+core@1.3.96_postcss@8.5.15_/node_modules/sass-loader/dist/cjs.js??ruleSet[1].rules[5].use[1]!./src/pages/medication/index.module.scss)\nModule build failed (from ../../../var/cache/pai-dev-server/prewarm/taro/a1bbf427d8f435dfb115d5256b2475a3/node_modules/.pnpm/sass-loader@14.2.1_sass@1.101.0_webpack@5.78.0_@swc+core@1.3.96_postcss@8.5.15_/node_modules/sass-loader/dist/cjs.js):\nUndefined variable.\n    ╷\n420 │   padding: $spacing-xxl;\n    │            ^^^^^^^^^^^^\n    ╵\n  src/pages/medication/index.module.scss 420:12  root stylesheet\n   @ ./src/pages/medication/index.module.scss\n   @ ./src/pages/medication/index.tsx\n   @ ./src/app.config.ts","timestamp":1782543380545}]}
[14:56:28.401] [Preview Server] TRAE_JWT_TOKEN_PATH not set, using fallback: C:\Users\16907\.trae-cn\trae-jwt-token
[15:00:54.824] [AuthCredentials] read failed: ENOENT: no such file or directory, open 'C:\Users\16907\Desktop\参赛\.auth\auth.json'
[15:01:03.993] File change detected. Updating...
[15:01:04.015] readProjectFiles, Found 56 files to read.
[15:01:04.054] Files read. Count: 56
[15:01:04.055] Calling pai.updateCloudDev...
[15:01:04.055] [PAI SDK] cloudServer.update called, appId: pai-preview-trae-7ff0a469
[15:01:04.058] [Preview Server] TRAE_JWT_TOKEN_PATH not set, using fallback: C:\Users\16907\.trae-cn\trae-jwt-token
[15:01:04.170] [PAI SDK] Received event: reload {"url":"aipa://pai-preview-trae-7ff0a469.aipa-cloud.bytedance.net?type=pai","timestamp":1782543662971}
[15:01:04.170] [PAI SDK] CloudServer received reload event: {"url":"aipa://pai-preview-trae-7ff0a469.aipa-cloud.bytedance.net?type=pai","timestamp":1782543662971}
[15:01:04.170] [PAI SDK] reload, url = https://sd62opo6oqou1ckhsuo00.apigateway-cn-beijing.volceapi.com/?faasInstanceName=vefaas-f0vkicge-38hai6w31d-d8vmm6g2032lkmqlt1og-sandbox&hash=pai-preview-trae-7ff0a469
[15:01:04.171] [PAI SDK] cloudServer.update response: {
  "status": "running",
  "reload": false,
  "hash": "pai-preview-trae-7ff0a469"
}
[15:01:04.171] Update success (pai.updateCloudDev returned)
[15:01:04.243] [PAI SDK] Received event: log {"content":"<i> [webpack-dev-middleware] wait until bundle finished: /\n","timestamp":1782543663038}
[15:01:06.964] [PAI SDK] Received event: log {"content":"✅  编译成功 6/27/2026, 3:01:05 PM\n\n","timestamp":1782543665794}
[15:01:07.118] [Preview Server] Frontend disconnected, clients size = 1
[15:01:08.403] [Preview Server] Frontend connected, clients size = 1
[15:01:08.404] Sending cached status to new connection, lastStatusMessage = {"event":"status_change","message":{"url":"https://sd62opo6oqou1ckhsuo00.apigateway-cn-beijing.volceapi.com/?faasInstanceName=vefaas-f0vkicge-38hai6w31d-d8vmm6g2032lkmqlt1og-sandbox&hash=pai-preview-trae-7ff0a469","schema":"aipa://preview?type=pai&aipa_id=pai-preview-trae-7ff0a469&uuid=cbf8d3a2-c296-4fa7-8d26-c1064098bf25","status":"running","framework":"taro"}}
[15:01:08.405] [Preview Server] TRAE_JWT_TOKEN_PATH not set, using fallback: C:\Users\16907\.trae-cn\trae-jwt-token
[15:03:28.418] File change detected. Updating...
[15:03:28.446] readProjectFiles, Found 56 files to read.
[15:03:28.493] Files read. Count: 56
[15:03:28.493] Calling pai.updateCloudDev...
[15:03:28.494] [PAI SDK] cloudServer.update called, appId: pai-preview-trae-7ff0a469
[15:03:28.498] [Preview Server] TRAE_JWT_TOKEN_PATH not set, using fallback: C:\Users\16907\.trae-cn\trae-jwt-token
[15:03:28.690] [PAI SDK] Received event: reload {"url":"aipa://pai-preview-trae-7ff0a469.aipa-cloud.bytedance.net?type=pai","timestamp":1782543807513}
[15:03:28.690] [PAI SDK] CloudServer received reload event: {"url":"aipa://pai-preview-trae-7ff0a469.aipa-cloud.bytedance.net?type=pai","timestamp":1782543807513}
[15:03:28.690] [PAI SDK] reload, url = https://sd62opo6oqou1ckhsuo00.apigateway-cn-beijing.volceapi.com/?faasInstanceName=vefaas-f0vkicge-38hai6w31d-d8vmm6g2032lkmqlt1og-sandbox&hash=pai-preview-trae-7ff0a469
[15:03:28.691] [PAI SDK] cloudServer.update response: {
  "status": "running",
  "reload": false,
  "hash": "pai-preview-trae-7ff0a469"
}
[15:03:28.691] Update success (pai.updateCloudDev returned)
[15:03:28.736] [PAI SDK] Received event: log {"content":"<i> [webpack-dev-middleware] wait until bundle finished: /\n","timestamp":1782543807561}
[15:03:30.401] [PAI SDK] Received event: log {"content":"✅  编译成功 6/27/2026, 3:03:29 PM\n\n","timestamp":1782543809225}
[15:04:56.359] File change detected. Updating...
[15:04:56.379] readProjectFiles, Found 56 files to read.
[15:04:56.417] Files read. Count: 56
[15:04:56.418] Calling pai.updateCloudDev...
[15:04:56.418] [PAI SDK] cloudServer.update called, appId: pai-preview-trae-7ff0a469
[15:04:56.421] [Preview Server] TRAE_JWT_TOKEN_PATH not set, using fallback: C:\Users\16907\.trae-cn\trae-jwt-token
[15:04:56.659] [PAI SDK] Received event: reload {"url":"aipa://pai-preview-trae-7ff0a469.aipa-cloud.bytedance.net?type=pai","timestamp":1782543895482}
[15:04:56.659] [PAI SDK] CloudServer received reload event: {"url":"aipa://pai-preview-trae-7ff0a469.aipa-cloud.bytedance.net?type=pai","timestamp":1782543895482}
[15:04:56.660] [PAI SDK] reload, url = https://sd62opo6oqou1ckhsuo00.apigateway-cn-beijing.volceapi.com/?faasInstanceName=vefaas-f0vkicge-38hai6w31d-d8vmm6g2032lkmqlt1og-sandbox&hash=pai-preview-trae-7ff0a469
[15:04:56.660] [PAI SDK] cloudServer.update response: {
  "status": "running",
  "reload": false,
  "hash": "pai-preview-trae-7ff0a469"
}
[15:04:56.660] Update success (pai.updateCloudDev returned)
[15:04:56.733] [PAI SDK] Received event: log {"content":"<i> [webpack-dev-middleware] wait until bundle finished: /\n","timestamp":1782543895550}
[15:04:58.521] [PAI SDK] Received event: log {"content":"✅  编译成功 6/27/2026, 3:04:57 PM\n\n","timestamp":1782543897344}
[15:05:06.531] Received update request via HTTP
[15:05:08.535] File change detected. Updating...
[15:05:08.556] readProjectFiles, Found 56 files to read.
[15:05:08.595] Files read. Count: 56
[15:05:08.595] Calling pai.updateCloudDev...
[15:05:08.595] [PAI SDK] cloudServer.update called, appId: pai-preview-trae-7ff0a469
[15:05:08.598] [Preview Server] TRAE_JWT_TOKEN_PATH not set, using fallback: C:\Users\16907\.trae-cn\trae-jwt-token
[15:05:08.678] [PAI SDK] Received event: reload {"url":"aipa://pai-preview-trae-7ff0a469.aipa-cloud.bytedance.net?type=pai","timestamp":1782543907504}
[15:05:08.678] [PAI SDK] CloudServer received reload event: {"url":"aipa://pai-preview-trae-7ff0a469.aipa-cloud.bytedance.net?type=pai","timestamp":1782543907504}
[15:05:08.678] [PAI SDK] reload, url = https://sd62opo6oqou1ckhsuo00.apigateway-cn-beijing.volceapi.com/?faasInstanceName=vefaas-f0vkicge-38hai6w31d-d8vmm6g2032lkmqlt1og-sandbox&hash=pai-preview-trae-7ff0a469
[15:05:08.679] [PAI SDK] cloudServer.update response: {
  "status": "running",
  "reload": false,
  "hash": "pai-preview-trae-7ff0a469"
}
[15:05:08.679] Update success (pai.updateCloudDev returned)
[15:05:08.712] [PAI SDK] Received event: log {"content":"<i> [webpack-dev-middleware] wait until bundle finished: /\n","timestamp":1782543907538}
[15:05:09.760] [PAI SDK] Received event: log {"content":"✅  编译成功 6/27/2026, 3:05:08 PM\n\n","timestamp":1782543908583}
[15:05:16.457] [Preview Server] Frontend disconnected, clients size = 1
[15:05:16.498] [Preview Server] Frontend connected, clients size = 1
[15:05:16.498] Sending cached status to new connection, lastStatusMessage = {"event":"status_change","message":{"url":"https://sd62opo6oqou1ckhsuo00.apigateway-cn-beijing.volceapi.com/?faasInstanceName=vefaas-f0vkicge-38hai6w31d-d8vmm6g2032lkmqlt1og-sandbox&hash=pai-preview-trae-7ff0a469","schema":"aipa://preview?type=pai&aipa_id=pai-preview-trae-7ff0a469&uuid=cbf8d3a2-c296-4fa7-8d26-c1064098bf25","status":"running","framework":"taro"}}
[15:05:16.500] [Preview Server] TRAE_JWT_TOKEN_PATH not set, using fallback: C:\Users\16907\.trae-cn\trae-jwt-token
[15:10:39.952] [Preview Server] Frontend disconnected, clients size = 1
[15:10:58.456] [Preview Server] Frontend connected, clients size = 1
[15:10:58.456] Sending cached status to new connection, lastStatusMessage = {"event":"status_change","message":{"url":"https://sd62opo6oqou1ckhsuo00.apigateway-cn-beijing.volceapi.com/?faasInstanceName=vefaas-f0vkicge-38hai6w31d-d8vmm6g2032lkmqlt1og-sandbox&hash=pai-preview-trae-7ff0a469","schema":"aipa://preview?type=pai&aipa_id=pai-preview-trae-7ff0a469&uuid=cbf8d3a2-c296-4fa7-8d26-c1064098bf25","status":"running","framework":"taro"}}
[15:10:58.457] [Preview Server] TRAE_JWT_TOKEN_PATH not set, using fallback: C:\Users\16907\.trae-cn\trae-jwt-token
[15:11:46.031] File change detected. Updating...
[15:11:46.063] readProjectFiles, Found 56 files to read.
[15:11:46.153] Files read. Count: 56
[15:11:46.153] Calling pai.updateCloudDev...
[15:11:46.154] [PAI SDK] cloudServer.update called, appId: pai-preview-trae-7ff0a469
[15:11:46.157] [Preview Server] TRAE_JWT_TOKEN_PATH not set, using fallback: C:\Users\16907\.trae-cn\trae-jwt-token
[15:11:48.198] [PAI SDK] Received event: reload {"url":"aipa://pai-preview-trae-7ff0a469.aipa-cloud.bytedance.net?type=pai","timestamp":1782544306888}
[15:11:48.198] [PAI SDK] CloudServer received reload event: {"url":"aipa://pai-preview-trae-7ff0a469.aipa-cloud.bytedance.net?type=pai","timestamp":1782544306888}
[15:11:48.198] [PAI SDK] reload, url = https://sd62opo6oqou1ckhsuo00.apigateway-cn-beijing.volceapi.com/?faasInstanceName=vefaas-f0vkicge-38hai6w31d-d8vmm6g2032lkmqlt1og-sandbox&hash=pai-preview-trae-7ff0a469
[15:11:48.199] [PAI SDK] cloudServer.update response: {
  "status": "running",
  "reload": false,
  "hash": "pai-preview-trae-7ff0a469"
}
[15:11:48.199] Update success (pai.updateCloudDev returned)
[15:11:48.337] [PAI SDK] Received event: log {"content":"<i> [webpack-dev-middleware] wait until bundle finished: /\n","timestamp":1782544307067}
[15:11:49.957] [PAI SDK] Received event: log {"content":"✅  编译成功 6/27/2026, 3:11:48 PM\n\n","timestamp":1782544308775}
[15:12:02.686] File change detected. Updating...
[15:12:02.707] readProjectFiles, Found 56 files to read.
[15:12:02.751] Files read. Count: 56
[15:12:02.751] Calling pai.updateCloudDev...
[15:12:02.752] [PAI SDK] cloudServer.update called, appId: pai-preview-trae-7ff0a469
[15:12:02.754] [Preview Server] TRAE_JWT_TOKEN_PATH not set, using fallback: C:\Users\16907\.trae-cn\trae-jwt-token
[15:12:04.091] [PAI SDK] Received event: reload {"url":"aipa://pai-preview-trae-7ff0a469.aipa-cloud.bytedance.net?type=pai","timestamp":1782544322907}
[15:12:04.091] [PAI SDK] CloudServer received reload event: {"url":"aipa://pai-preview-trae-7ff0a469.aipa-cloud.bytedance.net?type=pai","timestamp":1782544322907}
[15:12:04.091] [PAI SDK] reload, url = https://sd62opo6oqou1ckhsuo00.apigateway-cn-beijing.volceapi.com/?faasInstanceName=vefaas-f0vkicge-38hai6w31d-d8vmm6g2032lkmqlt1og-sandbox&hash=pai-preview-trae-7ff0a469
[15:12:04.092] [PAI SDK] cloudServer.update response: {
  "status": "running",
  "reload": false,
  "hash": "pai-preview-trae-7ff0a469"
}
[15:12:04.092] Update success (pai.updateCloudDev returned)
[15:12:04.151] [PAI SDK] Received event: log {"content":"<i> [webpack-dev-middleware] wait until bundle finished: /\n","timestamp":1782544322967}
[15:12:05.792] [PAI SDK] Received event: log {"content":"✅  编译成功 6/27/2026, 3:12:04 PM\n\n","timestamp":1782544324608}
[15:12:42.905] Received update request via HTTP
[15:12:44.923] File change detected. Updating...
[15:12:44.944] readProjectFiles, Found 56 files to read.
[15:12:44.982] Files read. Count: 56
[15:12:44.982] Calling pai.updateCloudDev...
[15:12:44.983] [PAI SDK] cloudServer.update called, appId: pai-preview-trae-7ff0a469
[15:12:44.986] [Preview Server] TRAE_JWT_TOKEN_PATH not set, using fallback: C:\Users\16907\.trae-cn\trae-jwt-token
[15:12:45.955] [PAI SDK] Received event: reload {"url":"aipa://pai-preview-trae-7ff0a469.aipa-cloud.bytedance.net?type=pai","timestamp":1782544364765}
[15:12:45.955] [PAI SDK] CloudServer received reload event: {"url":"aipa://pai-preview-trae-7ff0a469.aipa-cloud.bytedance.net?type=pai","timestamp":1782544364765}
[15:12:45.955] [PAI SDK] reload, url = https://sd62opo6oqou1ckhsuo00.apigateway-cn-beijing.volceapi.com/?faasInstanceName=vefaas-f0vkicge-38hai6w31d-d8vmm6g2032lkmqlt1og-sandbox&hash=pai-preview-trae-7ff0a469
[15:12:45.956] [PAI SDK] cloudServer.update response: {
  "status": "running",
  "reload": false,
  "hash": "pai-preview-trae-7ff0a469"
}
[15:12:45.956] Update success (pai.updateCloudDev returned)
[15:12:46.036] [PAI SDK] Received event: log {"content":"<i> [webpack-dev-middleware] wait until bundle finished: /\n","timestamp":1782544364821}
[15:12:47.948] [PAI SDK] Received event: log {"content":"✅  编译成功 6/27/2026, 3:12:46 PM\n\n","timestamp":1782544366245}
[15:15:52.454] File change detected. Updating...
[15:15:52.484] readProjectFiles, Found 56 files to read.
[15:15:52.534] Files read. Count: 56
[15:15:52.534] Calling pai.updateCloudDev...
[15:15:52.534] [PAI SDK] cloudServer.update called, appId: pai-preview-trae-7ff0a469
[15:15:52.537] [Preview Server] TRAE_JWT_TOKEN_PATH not set, using fallback: C:\Users\16907\.trae-cn\trae-jwt-token
[15:15:52.911] [PAI SDK] Received event: reload {"url":"aipa://pai-preview-trae-7ff0a469.aipa-cloud.bytedance.net?type=pai","timestamp":1782544551710}
[15:15:52.912] [PAI SDK] CloudServer received reload event: {"url":"aipa://pai-preview-trae-7ff0a469.aipa-cloud.bytedance.net?type=pai","timestamp":1782544551710}
[15:15:52.912] [PAI SDK] reload, url = https://sd62opo6oqou1ckhsuo00.apigateway-cn-beijing.volceapi.com/?faasInstanceName=vefaas-f0vkicge-38hai6w31d-d8vmm6g2032lkmqlt1og-sandbox&hash=pai-preview-trae-7ff0a469
[15:15:52.912] [PAI SDK] cloudServer.update response: {
  "status": "running",
  "reload": false,
  "hash": "pai-preview-trae-7ff0a469"
}
[15:15:52.913] Update success (pai.updateCloudDev returned)
[15:15:53.027] [PAI SDK] Received event: log {"content":"<i> [webpack-dev-middleware] wait until bundle finished: /\n","timestamp":1782544551815}
[15:15:54.903] [PAI SDK] Received event: log {"content":"✅  编译成功 6/27/2026, 3:15:53 PM\n\n","timestamp":1782544553678}
[15:16:16.253] File change detected. Updating...
[15:16:16.285] readProjectFiles, Found 56 files to read.
[15:16:16.338] Files read. Count: 56
[15:16:16.339] Calling pai.updateCloudDev...
[15:16:16.339] [PAI SDK] cloudServer.update called, appId: pai-preview-trae-7ff0a469
[15:16:16.343] [Preview Server] TRAE_JWT_TOKEN_PATH not set, using fallback: C:\Users\16907\.trae-cn\trae-jwt-token
[15:16:16.526] [PAI SDK] Received event: reload {"url":"aipa://pai-preview-trae-7ff0a469.aipa-cloud.bytedance.net?type=pai","timestamp":1782544575339}
[15:16:16.527] [PAI SDK] CloudServer received reload event: {"url":"aipa://pai-preview-trae-7ff0a469.aipa-cloud.bytedance.net?type=pai","timestamp":1782544575339}
[15:16:16.527] [PAI SDK] reload, url = https://sd62opo6oqou1ckhsuo00.apigateway-cn-beijing.volceapi.com/?faasInstanceName=vefaas-f0vkicge-38hai6w31d-d8vmm6g2032lkmqlt1og-sandbox&hash=pai-preview-trae-7ff0a469
[15:16:16.528] [PAI SDK] cloudServer.update response: {
  "status": "running",
  "reload": false,
  "hash": "pai-preview-trae-7ff0a469"
}
[15:16:16.528] Update success (pai.updateCloudDev returned)
[15:16:16.604] [PAI SDK] Received event: log {"content":"<i> [webpack-dev-middleware] wait until bundle finished: /\n","timestamp":1782544575417}
[15:16:18.475] [PAI SDK] Received event: log {"content":"✅  编译成功 6/27/2026, 3:16:17 PM\n\n","timestamp":1782544577284}
[15:16:28.370] File change detected. Updating...
[15:16:28.395] readProjectFiles, Found 56 files to read.
[15:16:28.441] Files read. Count: 56
[15:16:28.442] Calling pai.updateCloudDev...
[15:16:28.443] [PAI SDK] cloudServer.update called, appId: pai-preview-trae-7ff0a469
[15:16:28.445] [Preview Server] TRAE_JWT_TOKEN_PATH not set, using fallback: C:\Users\16907\.trae-cn\trae-jwt-token
[15:16:29.889] [PAI SDK] Received event: reload {"url":"aipa://pai-preview-trae-7ff0a469.aipa-cloud.bytedance.net?type=pai","timestamp":1782544588666}
[15:16:29.890] [PAI SDK] CloudServer received reload event: {"url":"aipa://pai-preview-trae-7ff0a469.aipa-cloud.bytedance.net?type=pai","timestamp":1782544588666}
[15:16:29.890] [PAI SDK] reload, url = https://sd62opo6oqou1ckhsuo00.apigateway-cn-beijing.volceapi.com/?faasInstanceName=vefaas-f0vkicge-38hai6w31d-d8vmm6g2032lkmqlt1og-sandbox&hash=pai-preview-trae-7ff0a469
[15:16:29.890] [PAI SDK] cloudServer.update response: {
  "status": "running",
  "reload": false,
  "hash": "pai-preview-trae-7ff0a469"
}
[15:16:29.890] Update success (pai.updateCloudDev returned)
[15:16:30.054] [PAI SDK] Received event: log {"content":"<i> [webpack-dev-middleware] wait until bundle finished: /\n","timestamp":1782544588855}
[15:16:31.314] [PAI SDK] Received event: log {"content":"✅  编译成功 6/27/2026, 3:16:30 PM\n\n","timestamp":1782544590045}
[15:16:47.583] File change detected. Updating...
[15:16:47.611] readProjectFiles, Found 56 files to read.
[15:16:47.663] Files read. Count: 56
[15:16:47.664] Calling pai.updateCloudDev...
[15:16:47.664] [PAI SDK] cloudServer.update called, appId: pai-preview-trae-7ff0a469
[15:16:47.668] [Preview Server] TRAE_JWT_TOKEN_PATH not set, using fallback: C:\Users\16907\.trae-cn\trae-jwt-token
[15:16:48.540] [PAI SDK] Received event: reload {"url":"aipa://pai-preview-trae-7ff0a469.aipa-cloud.bytedance.net?type=pai","timestamp":1782544607331}
[15:16:48.541] [PAI SDK] CloudServer received reload event: {"url":"aipa://pai-preview-trae-7ff0a469.aipa-cloud.bytedance.net?type=pai","timestamp":1782544607331}
[15:16:48.541] [PAI SDK] reload, url = https://sd62opo6oqou1ckhsuo00.apigateway-cn-beijing.volceapi.com/?faasInstanceName=vefaas-f0vkicge-38hai6w31d-d8vmm6g2032lkmqlt1og-sandbox&hash=pai-preview-trae-7ff0a469
[15:16:48.542] [PAI SDK] cloudServer.update response: {
  "status": "running",
  "reload": false,
  "hash": "pai-preview-trae-7ff0a469"
}
[15:16:48.542] Update success (pai.updateCloudDev returned)
[15:16:49.746] [PAI SDK] Received event: log {"content":"✅  编译成功 6/27/2026, 3:16:48 PM\n\n","timestamp":1782544608522}
[15:17:01.493] File change detected. Updating...
[15:17:01.512] readProjectFiles, Found 56 files to read.
[15:17:01.550] Files read. Count: 56
[15:17:01.550] Calling pai.updateCloudDev...
[15:17:01.551] [PAI SDK] cloudServer.update called, appId: pai-preview-trae-7ff0a469
[15:17:01.553] [Preview Server] TRAE_JWT_TOKEN_PATH not set, using fallback: C:\Users\16907\.trae-cn\trae-jwt-token
[15:17:02.512] [PAI SDK] Received event: reload {"url":"aipa://pai-preview-trae-7ff0a469.aipa-cloud.bytedance.net?type=pai","timestamp":1782544621305}
[15:17:02.513] [PAI SDK] CloudServer received reload event: {"url":"aipa://pai-preview-trae-7ff0a469.aipa-cloud.bytedance.net?type=pai","timestamp":1782544621305}
[15:17:02.513] [PAI SDK] reload, url = https://sd62opo6oqou1ckhsuo00.apigateway-cn-beijing.volceapi.com/?faasInstanceName=vefaas-f0vkicge-38hai6w31d-d8vmm6g2032lkmqlt1og-sandbox&hash=pai-preview-trae-7ff0a469
[15:17:02.513] [PAI SDK] cloudServer.update response: {
  "status": "running",
  "reload": false,
  "hash": "pai-preview-trae-7ff0a469"
}
[15:17:02.514] Update success (pai.updateCloudDev returned)
[15:17:02.629] [PAI SDK] Received event: log {"content":"<i> [webpack-dev-middleware] wait until bundle finished: /\n","timestamp":1782544621372}
[15:17:03.950] [PAI SDK] Received event: log {"content":"✅  编译成功 6/27/2026, 3:17:02 PM\n\n","timestamp":1782544622713}
[15:17:09.091] Received update request via HTTP
[15:17:11.104] File change detected. Updating...
[15:17:11.120] readProjectFiles, Found 56 files to read.
[15:17:11.159] Files read. Count: 56
[15:17:11.160] Calling pai.updateCloudDev...
[15:17:11.160] [PAI SDK] cloudServer.update called, appId: pai-preview-trae-7ff0a469
[15:17:11.163] [Preview Server] TRAE_JWT_TOKEN_PATH not set, using fallback: C:\Users\16907\.trae-cn\trae-jwt-token
[15:17:11.761] [PAI SDK] Received event: reload {"url":"aipa://pai-preview-trae-7ff0a469.aipa-cloud.bytedance.net?type=pai","timestamp":1782544630569}
[15:17:11.761] [PAI SDK] CloudServer received reload event: {"url":"aipa://pai-preview-trae-7ff0a469.aipa-cloud.bytedance.net?type=pai","timestamp":1782544630569}
[15:17:11.761] [PAI SDK] reload, url = https://sd62opo6oqou1ckhsuo00.apigateway-cn-beijing.volceapi.com/?faasInstanceName=vefaas-f0vkicge-38hai6w31d-d8vmm6g2032lkmqlt1og-sandbox&hash=pai-preview-trae-7ff0a469
[15:17:11.762] [PAI SDK] cloudServer.update response: {
  "status": "running",
  "reload": false,
  "hash": "pai-preview-trae-7ff0a469"
}
[15:17:11.762] Update success (pai.updateCloudDev returned)
[15:17:11.811] [PAI SDK] Received event: log {"content":"<i> [webpack-dev-middleware] wait until bundle finished: /\n","timestamp":1782544630617}
[15:17:13.030] [PAI SDK] Received event: log {"content":"✅  编译成功 6/27/2026, 3:17:11 PM\n\n","timestamp":1782544631826}
[15:18:39.461] File change detected. Updating...
[15:18:39.482] readProjectFiles, Found 56 files to read.
[15:18:39.528] Files read. Count: 56
[15:18:39.528] Calling pai.updateCloudDev...
[15:18:39.529] [PAI SDK] cloudServer.update called, appId: pai-preview-trae-7ff0a469
[15:18:39.531] [Preview Server] TRAE_JWT_TOKEN_PATH not set, using fallback: C:\Users\16907\.trae-cn\trae-jwt-token
[15:18:49.998] [PAI SDK] Received event: reload {"url":"aipa://pai-preview-trae-7ff0a469.aipa-cloud.bytedance.net?type=pai","timestamp":1782544728682}
[15:18:49.998] [PAI SDK] CloudServer received reload event: {"url":"aipa://pai-preview-trae-7ff0a469.aipa-cloud.bytedance.net?type=pai","timestamp":1782544728682}
[15:18:49.998] [PAI SDK] reload, url = https://sd62opo6oqou1ckhsuo00.apigateway-cn-beijing.volceapi.com/?faasInstanceName=vefaas-f0vkicge-38hai6w31d-d8vmm6g2032lkmqlt1og-sandbox&hash=pai-preview-trae-7ff0a469
[15:18:49.999] [PAI SDK] cloudServer.update response: {
  "status": "running",
  "reload": false,
  "hash": "pai-preview-trae-7ff0a469"
}
[15:18:49.999] Update success (pai.updateCloudDev returned)
[15:18:50.383] [PAI SDK] Received event: log {"content":"<i> [webpack-dev-middleware] wait until bundle finished: /\n","timestamp":1782544729180}
[15:18:52.052] [PAI SDK] Received event: log {"content":"✅  编译成功 6/27/2026, 3:18:50 PM\n\n","timestamp":1782544730663}
[15:18:58.464] File change detected. Updating...
[15:18:58.482] readProjectFiles, Found 56 files to read.
[15:18:58.521] Files read. Count: 56
[15:18:58.522] Calling pai.updateCloudDev...
[15:18:58.522] [PAI SDK] cloudServer.update called, appId: pai-preview-trae-7ff0a469
[15:18:58.525] [Preview Server] TRAE_JWT_TOKEN_PATH not set, using fallback: C:\Users\16907\.trae-cn\trae-jwt-token
[15:19:09.140] [PAI SDK] keepaliveSandbox error: [TypeError: fetch failed] {
  [cause]: ConnectTimeoutError: Connect Timeout Error (attempted addresses: 120.221.140.137:443, 120.221.140.138:443, 120.221.140.139:443, 120.221.140.140:443, 120.222.203.160:443, 120.220.145.116:443, 120.221.140.136:443, timeout: 10000ms)
      at onConnectTimeout (node:internal/deps/undici/undici:2378:23)
      at Immediate._onImmediate (node:internal/deps/undici/undici:2344:35)
      at process.processImmediate (node:internal/timers:504:21) {
    code: 'UND_ERR_CONNECT_TIMEOUT'
  }
}
[15:19:16.635] Received update request via HTTP
[15:19:18.644] File change detected. Updating...
[15:19:18.661] readProjectFiles, Found 56 files to read.
[15:19:18.702] Files read. Count: 56
[15:19:18.702] Calling pai.updateCloudDev...
[15:19:18.703] [PAI SDK] cloudServer.update called, appId: pai-preview-trae-7ff0a469
[15:19:18.705] [Preview Server] TRAE_JWT_TOKEN_PATH not set, using fallback: C:\Users\16907\.trae-cn\trae-jwt-token
[15:19:29.291] [PAI SDK] keepaliveSandbox error: [TypeError: fetch failed] {
  [cause]: ConnectTimeoutError: Connect Timeout Error (attempted addresses: 123.129.199.131:443, 119.167.189.155:443, 123.129.199.132:443, timeout: 10000ms)
      at onConnectTimeout (node:internal/deps/undici/undici:2378:23)
      at Immediate._onImmediate (node:internal/deps/undici/undici:2344:35)
      at process.processImmediate (node:internal/timers:504:21) {
    code: 'UND_ERR_CONNECT_TIMEOUT'
  }
}
[15:19:51.587] [PAI SDK] Received event: reload {"url":"aipa://pai-preview-trae-7ff0a469.aipa-cloud.bytedance.net?type=pai","timestamp":1782544790192}
[15:19:51.587] [PAI SDK] CloudServer received reload event: {"url":"aipa://pai-preview-trae-7ff0a469.aipa-cloud.bytedance.net?type=pai","timestamp":1782544790192}
[15:19:51.588] [PAI SDK] reload, url = https://sd62opo6oqou1ckhsuo00.apigateway-cn-beijing.volceapi.com/?faasInstanceName=vefaas-f0vkicge-38hai6w31d-d8vmm6g2032lkmqlt1og-sandbox&hash=pai-preview-trae-7ff0a469
[15:19:51.588] [PAI SDK] cloudServer.update response: {
  "status": "running",
  "reload": false,
  "hash": "pai-preview-trae-7ff0a469"
}
[15:19:51.588] Update success (pai.updateCloudDev returned)
[15:19:52.051] [PAI SDK] Received event: log {"content":"<i> [webpack-dev-middleware] wait until bundle finished: /\n","timestamp":1782544790650}
[15:19:53.064] [PAI SDK] Received event: reload {"url":"aipa://pai-preview-trae-7ff0a469.aipa-cloud.bytedance.net?type=pai","timestamp":1782544791833}
[15:19:53.065] [PAI SDK] CloudServer received reload event: {"url":"aipa://pai-preview-trae-7ff0a469.aipa-cloud.bytedance.net?type=pai","timestamp":1782544791833}
[15:19:53.065] [PAI SDK] reload, url = https://sd62opo6oqou1ckhsuo00.apigateway-cn-beijing.volceapi.com/?faasInstanceName=vefaas-f0vkicge-38hai6w31d-d8vmm6g2032lkmqlt1og-sandbox&hash=pai-preview-trae-7ff0a469
[15:19:53.065] [PAI SDK] cloudServer.update response: {
  "status": "running",
  "reload": false,
  "hash": "pai-preview-trae-7ff0a469"
}
[15:19:53.066] Update success (pai.updateCloudDev returned)
[15:19:53.203] [PAI SDK] Received event: log {"content":"✅  编译成功 6/27/2026, 3:19:51 PM\n\n","timestamp":1782544791965}
[15:19:53.425] [PAI SDK] Received event: log {"content":"<i> [webpack-dev-middleware] wait until bundle finished: /\n","timestamp":1782544792191}
[15:19:54.351] [PAI SDK] Received event: log {"content":"✅  编译成功 6/27/2026, 3:19:53 PM\n\n","timestamp":1782544793123}
[15:21:36.786] File change detected. Updating...
[15:21:36.805] readProjectFiles, Found 56 files to read.
[15:21:36.843] Files read. Count: 56
[15:21:36.843] Calling pai.updateCloudDev...
[15:21:36.844] [PAI SDK] cloudServer.update called, appId: pai-preview-trae-7ff0a469
[15:21:36.846] [Preview Server] TRAE_JWT_TOKEN_PATH not set, using fallback: C:\Users\16907\.trae-cn\trae-jwt-token
[15:21:37.292] [PAI SDK] Received event: reload {"url":"aipa://pai-preview-trae-7ff0a469.aipa-cloud.bytedance.net?type=pai","timestamp":1782544896090}
[15:21:37.292] [PAI SDK] CloudServer received reload event: {"url":"aipa://pai-preview-trae-7ff0a469.aipa-cloud.bytedance.net?type=pai","timestamp":1782544896090}
[15:21:37.292] [PAI SDK] reload, url = https://sd62opo6oqou1ckhsuo00.apigateway-cn-beijing.volceapi.com/?faasInstanceName=vefaas-f0vkicge-38hai6w31d-d8vmm6g2032lkmqlt1og-sandbox&hash=pai-preview-trae-7ff0a469
[15:21:37.292] [PAI SDK] cloudServer.update response: {
  "status": "running",
  "reload": false,
  "hash": "pai-preview-trae-7ff0a469"
}
[15:21:37.293] Update success (pai.updateCloudDev returned)
[15:21:37.351] [PAI SDK] Received event: log {"content":"<i> [webpack-dev-middleware] wait until bundle finished: /\n","timestamp":1782544896137}
[15:21:39.067] [PAI SDK] Received event: log {"content":"✅  编译成功 6/27/2026, 3:21:37 PM\n\n","timestamp":1782544897740}
[15:22:38.206] File change detected. Updating...
[15:22:38.229] readProjectFiles, Found 56 files to read.
[15:22:38.277] Files read. Count: 56
[15:22:38.277] Calling pai.updateCloudDev...
[15:22:38.277] [PAI SDK] cloudServer.update called, appId: pai-preview-trae-7ff0a469
[15:22:38.281] [Preview Server] TRAE_JWT_TOKEN_PATH not set, using fallback: C:\Users\16907\.trae-cn\trae-jwt-token
[15:22:38.828] [PAI SDK] Received event: reload {"url":"aipa://pai-preview-trae-7ff0a469.aipa-cloud.bytedance.net?type=pai","timestamp":1782544957613}
[15:22:38.828] [PAI SDK] CloudServer received reload event: {"url":"aipa://pai-preview-trae-7ff0a469.aipa-cloud.bytedance.net?type=pai","timestamp":1782544957613}
[15:22:38.828] [PAI SDK] reload, url = https://sd62opo6oqou1ckhsuo00.apigateway-cn-beijing.volceapi.com/?faasInstanceName=vefaas-f0vkicge-38hai6w31d-d8vmm6g2032lkmqlt1og-sandbox&hash=pai-preview-trae-7ff0a469
[15:22:38.829] [PAI SDK] cloudServer.update response: {
  "status": "running",
  "reload": false,
  "hash": "pai-preview-trae-7ff0a469"
}
[15:22:38.829] Update success (pai.updateCloudDev returned)
[15:22:38.900] [PAI SDK] Received event: log {"content":"<i> [webpack-dev-middleware] wait until bundle finished: /\n","timestamp":1782544957674}
[15:22:41.940] [PAI SDK] Received event: log {"content":"✅  编译成功 6/27/2026, 3:22:40 PM\n\n","timestamp":1782544960678}
[15:22:52.854] File change detected. Updating...
[15:22:52.870] readProjectFiles, Found 56 files to read.
[15:22:52.909] Files read. Count: 56
[15:22:52.909] Calling pai.updateCloudDev...
[15:22:52.910] [PAI SDK] cloudServer.update called, appId: pai-preview-trae-7ff0a469
[15:22:52.912] [Preview Server] TRAE_JWT_TOKEN_PATH not set, using fallback: C:\Users\16907\.trae-cn\trae-jwt-token
[15:22:53.581] [PAI SDK] Received event: reload {"url":"aipa://pai-preview-trae-7ff0a469.aipa-cloud.bytedance.net?type=pai","timestamp":1782544972372}
[15:22:53.582] [PAI SDK] CloudServer received reload event: {"url":"aipa://pai-preview-trae-7ff0a469.aipa-cloud.bytedance.net?type=pai","timestamp":1782544972372}
[15:22:53.582] [PAI SDK] reload, url = https://sd62opo6oqou1ckhsuo00.apigateway-cn-beijing.volceapi.com/?faasInstanceName=vefaas-f0vkicge-38hai6w31d-d8vmm6g2032lkmqlt1og-sandbox&hash=pai-preview-trae-7ff0a469
[15:22:53.582] [PAI SDK] cloudServer.update response: {
  "status": "running",
  "reload": false,
  "hash": "pai-preview-trae-7ff0a469"
}
[15:22:53.583] Update success (pai.updateCloudDev returned)
[15:22:53.654] [PAI SDK] Received event: log {"content":"<i> [webpack-dev-middleware] wait until bundle finished: /\n","timestamp":1782544972445}
[15:22:53.805] [PAI SDK] Received event: log {"content":"<i> [webpack-dev-middleware] wait until bundle finished: /js/src_pages_home_index_tsx.bf742970.js?faasInstanceName=vefaas-f0vkicge-38hai6w31d-d8vmm6g2032lkmqlt1og-sandbox&hash=pai-preview-trae-7ff0a469\n","timestamp":1782544972601}
[15:22:54.764] [PAI SDK] Received event: log {"content":"✅  编译成功 6/27/2026, 3:22:53 PM\n\n","timestamp":1782544973552}
[15:23:50.464] File change detected. Updating...
[15:23:50.479] readProjectFiles, Found 56 files to read.
[15:23:50.517] Files read. Count: 56
[15:23:50.518] Calling pai.updateCloudDev...
[15:23:50.518] [PAI SDK] cloudServer.update called, appId: pai-preview-trae-7ff0a469
[15:23:50.520] [Preview Server] TRAE_JWT_TOKEN_PATH not set, using fallback: C:\Users\16907\.trae-cn\trae-jwt-token
[15:23:51.970] [PAI SDK] Received event: reload {"url":"aipa://pai-preview-trae-7ff0a469.aipa-cloud.bytedance.net?type=pai","timestamp":1782545030762}
[15:23:51.970] [PAI SDK] CloudServer received reload event: {"url":"aipa://pai-preview-trae-7ff0a469.aipa-cloud.bytedance.net?type=pai","timestamp":1782545030762}
[15:23:51.971] [PAI SDK] reload, url = https://sd62opo6oqou1ckhsuo00.apigateway-cn-beijing.volceapi.com/?faasInstanceName=vefaas-f0vkicge-38hai6w31d-d8vmm6g2032lkmqlt1og-sandbox&hash=pai-preview-trae-7ff0a469
[15:23:51.971] [PAI SDK] cloudServer.update response: {
  "status": "running",
  "reload": false,
  "hash": "pai-preview-trae-7ff0a469"
}
[15:23:51.971] Update success (pai.updateCloudDev returned)
[15:23:52.097] [PAI SDK] Received event: log {"content":"<i> [webpack-dev-middleware] wait until bundle finished: /\n","timestamp":1782545030857}
[15:23:53.913] [PAI SDK] Received event: log {"content":"✅  编译成功 6/27/2026, 3:23:52 PM\n\n","timestamp":1782545032636}
[15:24:07.377] [Preview Server] Frontend disconnected, clients size = 1
[15:24:12.817] File change detected. Updating...
[15:24:12.835] readProjectFiles, Found 56 files to read.
[15:24:12.875] Files read. Count: 56
[15:24:12.875] Calling pai.updateCloudDev...
[15:24:12.876] [PAI SDK] cloudServer.update called, appId: pai-preview-trae-7ff0a469
[15:24:12.878] [Preview Server] TRAE_JWT_TOKEN_PATH not set, using fallback: C:\Users\16907\.trae-cn\trae-jwt-token
[15:24:13.765] [PAI SDK] Received event: reload {"url":"aipa://pai-preview-trae-7ff0a469.aipa-cloud.bytedance.net?type=pai","timestamp":1782545052565}
[15:24:13.765] [PAI SDK] CloudServer received reload event: {"url":"aipa://pai-preview-trae-7ff0a469.aipa-cloud.bytedance.net?type=pai","timestamp":1782545052565}
[15:24:13.766] [PAI SDK] reload, url = https://sd62opo6oqou1ckhsuo00.apigateway-cn-beijing.volceapi.com/?faasInstanceName=vefaas-f0vkicge-38hai6w31d-d8vmm6g2032lkmqlt1og-sandbox&hash=pai-preview-trae-7ff0a469
[15:24:13.766] [PAI SDK] cloudServer.update response: {
  "status": "running",
  "reload": false,
  "hash": "pai-preview-trae-7ff0a469"
}
[15:24:13.766] Update success (pai.updateCloudDev returned)
[15:24:15.064] [Preview Server] Frontend connected, clients size = 1
[15:24:15.064] Sending cached status to new connection, lastStatusMessage = {"event":"status_change","message":{"url":"https://sd62opo6oqou1ckhsuo00.apigateway-cn-beijing.volceapi.com/?faasInstanceName=vefaas-f0vkicge-38hai6w31d-d8vmm6g2032lkmqlt1og-sandbox&hash=pai-preview-trae-7ff0a469","schema":"aipa://preview?type=pai&aipa_id=pai-preview-trae-7ff0a469&uuid=cbf8d3a2-c296-4fa7-8d26-c1064098bf25","status":"running","framework":"taro"}}
[15:24:15.075] [Preview Server] TRAE_JWT_TOKEN_PATH not set, using fallback: C:\Users\16907\.trae-cn\trae-jwt-token
[15:24:15.214] [PAI SDK] Received event: log {"content":"✅  编译成功 6/27/2026, 3:24:13 PM\n\n","timestamp":1782545053890}
[15:24:21.458] Received update request via HTTP
[15:24:23.466] File change detected. Updating...
[15:24:23.483] readProjectFiles, Found 56 files to read.
[15:24:23.519] Files read. Count: 56
[15:24:23.519] Calling pai.updateCloudDev...
[15:24:23.520] [PAI SDK] cloudServer.update called, appId: pai-preview-trae-7ff0a469
[15:24:23.522] [Preview Server] TRAE_JWT_TOKEN_PATH not set, using fallback: C:\Users\16907\.trae-cn\trae-jwt-token
[15:24:24.162] [PAI SDK] Received event: reload {"url":"aipa://pai-preview-trae-7ff0a469.aipa-cloud.bytedance.net?type=pai","timestamp":1782545062854}
[15:24:24.162] [PAI SDK] CloudServer received reload event: {"url":"aipa://pai-preview-trae-7ff0a469.aipa-cloud.bytedance.net?type=pai","timestamp":1782545062854}
[15:24:24.163] [PAI SDK] reload, url = https://sd62opo6oqou1ckhsuo00.apigateway-cn-beijing.volceapi.com/?faasInstanceName=vefaas-f0vkicge-38hai6w31d-d8vmm6g2032lkmqlt1og-sandbox&hash=pai-preview-trae-7ff0a469
[15:24:24.163] [PAI SDK] cloudServer.update response: {
  "status": "running",
  "reload": false,
  "hash": "pai-preview-trae-7ff0a469"
}
[15:24:24.163] Update success (pai.updateCloudDev returned)
[15:24:24.273] [PAI SDK] Received event: log {"content":"<i> [webpack-dev-middleware] wait until bundle finished: /\n","timestamp":1782545063065}
[15:24:25.296] [PAI SDK] Received event: log {"content":"✅  编译成功 6/27/2026, 3:24:24 PM\n\n","timestamp":1782545064014}
[15:25:27.799] File change detected. Updating...
[15:25:27.814] readProjectFiles, Found 56 files to read.
[15:25:27.849] Files read. Count: 56
[15:25:27.849] Calling pai.updateCloudDev...
[15:25:27.849] [PAI SDK] cloudServer.update called, appId: pai-preview-trae-7ff0a469
[15:25:27.852] [Preview Server] TRAE_JWT_TOKEN_PATH not set, using fallback: C:\Users\16907\.trae-cn\trae-jwt-token
[15:25:30.214] [PAI SDK] Received event: reload {"url":"aipa://pai-preview-trae-7ff0a469.aipa-cloud.bytedance.net?type=pai","timestamp":1782545128973}
[15:25:30.214] [PAI SDK] CloudServer received reload event: {"url":"aipa://pai-preview-trae-7ff0a469.aipa-cloud.bytedance.net?type=pai","timestamp":1782545128973}
[15:25:30.214] [PAI SDK] reload, url = https://sd62opo6oqou1ckhsuo00.apigateway-cn-beijing.volceapi.com/?faasInstanceName=vefaas-f0vkicge-38hai6w31d-d8vmm6g2032lkmqlt1og-sandbox&hash=pai-preview-trae-7ff0a469
[15:25:30.215] [PAI SDK] cloudServer.update response: {
  "status": "running",
  "reload": false,
  "hash": "pai-preview-trae-7ff0a469"
}
[15:25:30.215] Update success (pai.updateCloudDev returned)
[15:25:30.293] [PAI SDK] Received event: log {"content":"<i> [webpack-dev-middleware] wait until bundle finished: /\n","timestamp":1782545129057}
[15:25:32.260] [PAI SDK] Received event: log {"content":"✅  编译成功 6/27/2026, 3:25:31 PM\n\n","timestamp":1782545131055}
[15:25:44.385] [Preview Server] Frontend disconnected, clients size = 1
[15:25:46.988] File change detected. Updating...
[15:25:47.006] readProjectFiles, Found 56 files to read.
[15:25:47.048] Files read. Count: 56
[15:25:47.049] Calling pai.updateCloudDev...
[15:25:47.049] [PAI SDK] cloudServer.update called, appId: pai-preview-trae-7ff0a469
[15:25:47.052] [Preview Server] TRAE_JWT_TOKEN_PATH not set, using fallback: C:\Users\16907\.trae-cn\trae-jwt-token
[15:25:52.105] [PAI SDK] Received event: reload {"url":"aipa://pai-preview-trae-7ff0a469.aipa-cloud.bytedance.net?type=pai","timestamp":1782545150563}
[15:25:52.106] [PAI SDK] CloudServer received reload event: {"url":"aipa://pai-preview-trae-7ff0a469.aipa-cloud.bytedance.net?type=pai","timestamp":1782545150563}
[15:25:52.106] [PAI SDK] reload, url = https://sd62opo6oqou1ckhsuo00.apigateway-cn-beijing.volceapi.com/?faasInstanceName=vefaas-f0vkicge-38hai6w31d-d8vmm6g2032lkmqlt1og-sandbox&hash=pai-preview-trae-7ff0a469
[15:25:52.106] [PAI SDK] cloudServer.update response: {
  "status": "running",
  "reload": false,
  "hash": "pai-preview-trae-7ff0a469"
}
[15:25:52.106] Update success (pai.updateCloudDev returned)
[15:25:53.099] [PAI SDK] Received event: log {"content":"✅  编译成功 6/27/2026, 3:25:51 PM\n\n","timestamp":1782545151867}
[15:26:27.007] File change detected. Updating...
[15:26:27.023] readProjectFiles, Found 56 files to read.
[15:26:27.060] Files read. Count: 56
[15:26:27.060] Calling pai.updateCloudDev...
[15:26:27.061] [PAI SDK] cloudServer.update called, appId: pai-preview-trae-7ff0a469
[15:26:27.063] [Preview Server] TRAE_JWT_TOKEN_PATH not set, using fallback: C:\Users\16907\.trae-cn\trae-jwt-token
[15:26:39.251] [PAI SDK] Received event: reload {"url":"aipa://pai-preview-trae-7ff0a469.aipa-cloud.bytedance.net?type=pai","timestamp":1782545196807}
[15:26:39.252] [PAI SDK] CloudServer received reload event: {"url":"aipa://pai-preview-trae-7ff0a469.aipa-cloud.bytedance.net?type=pai","timestamp":1782545196807}
[15:26:39.252] [PAI SDK] reload, url = https://sd62opo6oqou1ckhsuo00.apigateway-cn-beijing.volceapi.com/?faasInstanceName=vefaas-f0vkicge-38hai6w31d-d8vmm6g2032lkmqlt1og-sandbox&hash=pai-preview-trae-7ff0a469
[15:26:39.252] [PAI SDK] cloudServer.update response: {
  "status": "running",
  "reload": false,
  "hash": "pai-preview-trae-7ff0a469"
}
[15:26:39.252] Update success (pai.updateCloudDev returned)
[15:26:42.087] [PAI SDK] Received event: log {"content":"✅  编译成功 6/27/2026, 3:26:38 PM\n\n","timestamp":1782545198629}
[15:26:46.159] File change detected. Updating...
[15:26:46.183] readProjectFiles, Found 56 files to read.
[15:26:46.219] Files read. Count: 56
[15:26:46.219] Calling pai.updateCloudDev...
[15:26:46.220] [PAI SDK] cloudServer.update called, appId: pai-preview-trae-7ff0a469
[15:26:46.223] [Preview Server] TRAE_JWT_TOKEN_PATH not set, using fallback: C:\Users\16907\.trae-cn\trae-jwt-token
[15:26:50.039] [PAI SDK] Received event: reload {"url":"aipa://pai-preview-trae-7ff0a469.aipa-cloud.bytedance.net?type=pai","timestamp":1782545208754}
[15:26:50.039] [PAI SDK] CloudServer received reload event: {"url":"aipa://pai-preview-trae-7ff0a469.aipa-cloud.bytedance.net?type=pai","timestamp":1782545208754}
[15:26:50.039] [PAI SDK] reload, url = https://sd62opo6oqou1ckhsuo00.apigateway-cn-beijing.volceapi.com/?faasInstanceName=vefaas-f0vkicge-38hai6w31d-d8vmm6g2032lkmqlt1og-sandbox&hash=pai-preview-trae-7ff0a469
[15:26:50.040] [PAI SDK] cloudServer.update response: {
  "status": "running",
  "reload": false,
  "hash": "pai-preview-trae-7ff0a469"
}
[15:26:50.040] Update success (pai.updateCloudDev returned)
[15:26:51.378] [PAI SDK] Received event: log {"content":"✅  编译成功 6/27/2026, 3:26:50 PM\n\n","timestamp":1782545210061}
[15:26:56.779] [PAI SDK] keepaliveSandbox error: [TypeError: fetch failed] {
  [cause]: ConnectTimeoutError: Connect Timeout Error (attempted addresses: 223.113.138.210:443, 223.109.13.65:443, 223.109.239.179:443, timeout: 10000ms)
      at onConnectTimeout (node:internal/deps/undici/undici:2378:23)
      at Immediate._onImmediate (node:internal/deps/undici/undici:2344:35)
      at process.processImmediate (node:internal/timers:504:21) {
    code: 'UND_ERR_CONNECT_TIMEOUT'
  }
}
[15:27:01.653] [Preview Server] Frontend connected, clients size = 1
[15:27:01.654] Sending cached status to new connection, lastStatusMessage = {"event":"status_change","message":{"url":"https://sd62opo6oqou1ckhsuo00.apigateway-cn-beijing.volceapi.com/?faasInstanceName=vefaas-f0vkicge-38hai6w31d-d8vmm6g2032lkmqlt1og-sandbox&hash=pai-preview-trae-7ff0a469","schema":"aipa://preview?type=pai&aipa_id=pai-preview-trae-7ff0a469&uuid=cbf8d3a2-c296-4fa7-8d26-c1064098bf25","status":"running","framework":"taro"}}
[15:27:01.656] [Preview Server] TRAE_JWT_TOKEN_PATH not set, using fallback: C:\Users\16907\.trae-cn\trae-jwt-token
[15:27:04.450] File change detected. Updating...
[15:27:04.466] readProjectFiles, Found 56 files to read.
[15:27:04.504] Files read. Count: 56
[15:27:04.504] Calling pai.updateCloudDev...
[15:27:04.505] [PAI SDK] cloudServer.update called, appId: pai-preview-trae-7ff0a469
[15:27:04.508] [Preview Server] TRAE_JWT_TOKEN_PATH not set, using fallback: C:\Users\16907\.trae-cn\trae-jwt-token
[15:27:05.329] [PAI SDK] Received event: reload {"url":"aipa://pai-preview-trae-7ff0a469.aipa-cloud.bytedance.net?type=pai","timestamp":1782545224055}
[15:27:05.329] [PAI SDK] CloudServer received reload event: {"url":"aipa://pai-preview-trae-7ff0a469.aipa-cloud.bytedance.net?type=pai","timestamp":1782545224055}
[15:27:05.329] [PAI SDK] reload, url = https://sd62opo6oqou1ckhsuo00.apigateway-cn-beijing.volceapi.com/?faasInstanceName=vefaas-f0vkicge-38hai6w31d-d8vmm6g2032lkmqlt1og-sandbox&hash=pai-preview-trae-7ff0a469
[15:27:05.329] [PAI SDK] cloudServer.update response: {
  "status": "running",
  "reload": false,
  "hash": "pai-preview-trae-7ff0a469"
}
[15:27:05.330] Update success (pai.updateCloudDev returned)
[15:27:05.399] [PAI SDK] Received event: log {"content":"<i> [webpack-dev-middleware] wait until bundle finished: /\n","timestamp":1782545224190}
[15:27:06.382] [PAI SDK] Received event: log {"content":"✅  编译成功 6/27/2026, 3:27:05 PM\n\n","timestamp":1782545225092}
[15:27:24.455] File change detected. Updating...
[15:27:24.471] readProjectFiles, Found 56 files to read.
[15:27:24.510] Files read. Count: 56
[15:27:24.510] Calling pai.updateCloudDev...
[15:27:24.511] [PAI SDK] cloudServer.update called, appId: pai-preview-trae-7ff0a469
[15:27:24.513] [Preview Server] TRAE_JWT_TOKEN_PATH not set, using fallback: C:\Users\16907\.trae-cn\trae-jwt-token
[15:27:26.100] [PAI SDK] Received event: reload {"url":"aipa://pai-preview-trae-7ff0a469.aipa-cloud.bytedance.net?type=pai","timestamp":1782545244412}
[15:27:26.100] [PAI SDK] CloudServer received reload event: {"url":"aipa://pai-preview-trae-7ff0a469.aipa-cloud.bytedance.net?type=pai","timestamp":1782545244412}
[15:27:26.100] [PAI SDK] reload, url = https://sd62opo6oqou1ckhsuo00.apigateway-cn-beijing.volceapi.com/?faasInstanceName=vefaas-f0vkicge-38hai6w31d-d8vmm6g2032lkmqlt1og-sandbox&hash=pai-preview-trae-7ff0a469
[15:27:26.101] [PAI SDK] cloudServer.update response: {
  "status": "running",
  "reload": false,
  "hash": "pai-preview-trae-7ff0a469"
}
[15:27:26.101] Update success (pai.updateCloudDev returned)
[15:27:26.850] [PAI SDK] Received event: log {"content":"✅  编译成功 6/27/2026, 3:27:25 PM\n\n","timestamp":1782545245628}
[15:27:33.724] Received update request via HTTP
[15:27:35.728] File change detected. Updating...
[15:27:35.748] readProjectFiles, Found 56 files to read.
[15:27:35.787] Files read. Count: 56
[15:27:35.788] Calling pai.updateCloudDev...
[15:27:35.788] [PAI SDK] cloudServer.update called, appId: pai-preview-trae-7ff0a469
[15:27:35.791] [Preview Server] TRAE_JWT_TOKEN_PATH not set, using fallback: C:\Users\16907\.trae-cn\trae-jwt-token
[15:27:36.783] [PAI SDK] Received event: reload {"url":"aipa://pai-preview-trae-7ff0a469.aipa-cloud.bytedance.net?type=pai","timestamp":1782545255444}
[15:27:36.784] [PAI SDK] CloudServer received reload event: {"url":"aipa://pai-preview-trae-7ff0a469.aipa-cloud.bytedance.net?type=pai","timestamp":1782545255444}
[15:27:36.784] [PAI SDK] reload, url = https://sd62opo6oqou1ckhsuo00.apigateway-cn-beijing.volceapi.com/?faasInstanceName=vefaas-f0vkicge-38hai6w31d-d8vmm6g2032lkmqlt1og-sandbox&hash=pai-preview-trae-7ff0a469
[15:27:36.784] [PAI SDK] cloudServer.update response: {
  "status": "running",
  "reload": false,
  "hash": "pai-preview-trae-7ff0a469"
}
[15:27:36.785] Update success (pai.updateCloudDev returned)
[15:27:36.938] [PAI SDK] Received event: log {"content":"<i> [webpack-dev-middleware] wait until bundle finished: /\n","timestamp":1782545255700}
[15:27:37.757] [PAI SDK] Received event: log {"content":"✅  编译成功 6/27/2026, 3:27:36 PM\n\n","timestamp":1782545256454}
[15:28:37.693] [Preview Server] Frontend disconnected, clients size = 1
[15:29:51.706] [Preview Server] Frontend connected, clients size = 1
[15:29:51.707] Sending cached status to new connection, lastStatusMessage = {"event":"status_change","message":{"url":"https://sd62opo6oqou1ckhsuo00.apigateway-cn-beijing.volceapi.com/?faasInstanceName=vefaas-f0vkicge-38hai6w31d-d8vmm6g2032lkmqlt1og-sandbox&hash=pai-preview-trae-7ff0a469","schema":"aipa://preview?type=pai&aipa_id=pai-preview-trae-7ff0a469&uuid=cbf8d3a2-c296-4fa7-8d26-c1064098bf25","status":"running","framework":"taro"}}
[15:29:51.718] [Preview Server] TRAE_JWT_TOKEN_PATH not set, using fallback: C:\Users\16907\.trae-cn\trae-jwt-token
[15:30:09.450] [Preview Server] Frontend disconnected, clients size = 1
[15:30:23.182] [Preview Server] Frontend connected, clients size = 1
[15:30:23.183] Sending cached status to new connection, lastStatusMessage = {"event":"status_change","message":{"url":"https://sd62opo6oqou1ckhsuo00.apigateway-cn-beijing.volceapi.com/?faasInstanceName=vefaas-f0vkicge-38hai6w31d-d8vmm6g2032lkmqlt1og-sandbox&hash=pai-preview-trae-7ff0a469","schema":"aipa://preview?type=pai&aipa_id=pai-preview-trae-7ff0a469&uuid=cbf8d3a2-c296-4fa7-8d26-c1064098bf25","status":"running","framework":"taro"}}
[15:30:23.184] [Preview Server] TRAE_JWT_TOKEN_PATH not set, using fallback: C:\Users\16907\.trae-cn\trae-jwt-token
[15:34:25.382] File change detected. Updating...
[15:34:25.399] readProjectFiles, Found 56 files to read.
[15:34:25.435] Files read. Count: 56
[15:34:25.435] Calling pai.updateCloudDev...
[15:34:25.435] [PAI SDK] cloudServer.update called, appId: pai-preview-trae-7ff0a469
[15:34:25.438] [Preview Server] TRAE_JWT_TOKEN_PATH not set, using fallback: C:\Users\16907\.trae-cn\trae-jwt-token
[15:34:27.087] [PAI SDK] Received event: reload {"url":"aipa://pai-preview-trae-7ff0a469.aipa-cloud.bytedance.net?type=pai","timestamp":1782545665812}
[15:34:27.088] [PAI SDK] CloudServer received reload event: {"url":"aipa://pai-preview-trae-7ff0a469.aipa-cloud.bytedance.net?type=pai","timestamp":1782545665812}
[15:34:27.088] [PAI SDK] reload, url = https://sd62opo6oqou1ckhsuo00.apigateway-cn-beijing.volceapi.com/?faasInstanceName=vefaas-f0vkicge-38hai6w31d-d8vmm6g2032lkmqlt1og-sandbox&hash=pai-preview-trae-7ff0a469
[15:34:27.088] [PAI SDK] cloudServer.update response: {
  "status": "running",
  "reload": false,
  "hash": "pai-preview-trae-7ff0a469"
}
[15:34:27.088] Update success (pai.updateCloudDev returned)
[15:34:27.159] [PAI SDK] Received event: log {"content":"<i> [webpack-dev-middleware] wait until bundle finished: /\n","timestamp":1782545665942}
[15:34:29.292] [PAI SDK] Received event: log {"content":"✅  编译成功 6/27/2026, 3:34:28 PM\n\n","timestamp":1782545668060}
[15:34:44.834] File change detected. Updating...
[15:34:44.849] readProjectFiles, Found 56 files to read.
[15:34:44.888] Files read. Count: 56
[15:34:44.889] Calling pai.updateCloudDev...
[15:34:44.889] [PAI SDK] cloudServer.update called, appId: pai-preview-trae-7ff0a469
[15:34:44.892] [Preview Server] TRAE_JWT_TOKEN_PATH not set, using fallback: C:\Users\16907\.trae-cn\trae-jwt-token
[15:34:49.612] [PAI SDK] Received event: reload {"url":"aipa://pai-preview-trae-7ff0a469.aipa-cloud.bytedance.net?type=pai","timestamp":1782545687224}
[15:34:49.613] [PAI SDK] CloudServer received reload event: {"url":"aipa://pai-preview-trae-7ff0a469.aipa-cloud.bytedance.net?type=pai","timestamp":1782545687224}
[15:34:49.613] [PAI SDK] reload, url = https://sd62opo6oqou1ckhsuo00.apigateway-cn-beijing.volceapi.com/?faasInstanceName=vefaas-f0vkicge-38hai6w31d-d8vmm6g2032lkmqlt1og-sandbox&hash=pai-preview-trae-7ff0a469
[15:34:49.613] [PAI SDK] cloudServer.update response: {
  "status": "running",
  "reload": false,
  "hash": "pai-preview-trae-7ff0a469"
}
[15:34:49.613] Update success (pai.updateCloudDev returned)
[15:34:49.614] [PAI SDK] Received event: compile_error [{"filename":"","lineNumber":0,"description":"ModuleBuildError: Module build failed (from ../../../var/cache/pai-dev-server/prewarm/taro/a1bbf427d8f435dfb115d5256b2475a3/node_modules/.pnpm/sass-loader@14.2.1_sass@1.101.0_webpack@5.78.0_@swc+core@1.3.96_postcss@8.5.15_/node_modules/sass-loader/dist/cjs.js):\nUndefined variable.\n    ╷\n306 │     background: $color-warning-light;\n    │                 ^^^^^^^^^^^^^^^^^^^^\n    ╵\n  src/pages/medication/index.module.scss 306:17  root stylesheet\n\n","timestamp":1782545688194}]
[15:34:49.878] [PAI SDK] Received event: log {"content":"🙅   编译失败. 6/27/2026, 3:34:48 PM\n\n","timestamp":1782545688556}
[15:34:49.879] [PAI SDK] Received event: compile_error [{"filename":"","lineNumber":0,"description":"ModuleBuildError: Module build failed (from ../../../var/cache/pai-dev-server/prewarm/taro/a1bbf427d8f435dfb115d5256b2475a3/node_modules/.pnpm/sass-loader@14.2.1_sass@1.101.0_webpack@5.78.0_@swc+core@1.3.96_postcss@8.5.15_/node_modules/sass-loader/dist/cjs.js):\nUndefined variable.\n    ╷\n306 │     background: $color-warning-light;\n    │                 ^^^^^^^^^^^^^^^^^^^^\n    ╵\n  src/pages/medication/index.module.scss 306:17  root stylesheet\n\n","timestamp":1782545688556}]
[15:34:50.417] [PAI SDK] Received event: compile_error [{"filename":"","lineNumber":0,"description":"ERROR in ./src/pages/medication/index.module.scss (../../../var/cache/pai-dev-server/prewarm/taro/a1bbf427d8f435dfb115d5256b2475a3/node_modules/.pnpm/css-loader@7.1.4_webpack@5.78.0_@swc+core@1.3.96_postcss@8.5.15_/node_modules/css-loader/dist/cjs.js??ruleSet[1].rules[2].oneOf[0].use[0]!../../../var/cache/pai-dev-server/prewarm/taro/a1bbf427d8f435dfb115d5256b2475a3/node_modules/.pnpm/postcss-loader@8.2.1_postcss@8.5.15_typescript@5.9.3_webpack@5.78.0_@swc+core@1.3.96_postcss@8.5.15_/node_modules/postcss-loader/dist/cjs.js??ruleSet[1].rules[3].use[0]!../../../var/cache/pai-dev-server/prewarm/taro/a1bbf427d8f435dfb115d5256b2475a3/node_modules/.pnpm/resolve-url-loader@5.0.0/node_modules/resolve-url-loader/index.js!../../../var/cache/pai-dev-server/prewarm/taro/a1bbf427d8f435dfb115d5256b2475a3/node_modules/.pnpm/sass-loader@14.2.1_sass@1.101.0_webpack@5.78.0_@swc+core@1.3.96_postcss@8.5.15_/node_modules/sass-loader/dist/cjs.js??ruleSet[1].rules[5].use[1]!./src/pages/medication/index.module.scss)\nModule build failed (from ../../../var/cache/pai-dev-server/prewarm/taro/a1bbf427d8f435dfb115d5256b2475a3/node_modules/.pnpm/sass-loader@14.2.1_sass@1.101.0_webpack@5.78.0_@swc+core@1.3.96_postcss@8.5.15_/node_modules/sass-loader/dist/cjs.js):\nUndefined variable.\n    ╷\n306 │     background: $color-warning-light;\n    │                 ^^^^^^^^^^^^^^^^^^^^\n    ╵\n  src/pages/medication/index.module.scss 306:17  root stylesheet\n   @ ./src/pages/medication/index.module.scss\n   @ ./src/pages/medication/index.tsx\n   @ ./src/app.config.ts","timestamp":1782545688584}]
[15:35:29.546] File change detected. Updating...
[15:35:29.567] readProjectFiles, Found 56 files to read.
[15:35:29.619] Files read. Count: 56
[15:35:29.619] Calling pai.updateCloudDev...
[15:35:29.620] [PAI SDK] cloudServer.update called, appId: pai-preview-trae-7ff0a469
[15:35:29.623] [Preview Server] TRAE_JWT_TOKEN_PATH not set, using fallback: C:\Users\16907\.trae-cn\trae-jwt-token
[15:35:33.916] [PAI SDK] Received event: reload {"url":"aipa://pai-preview-trae-7ff0a469.aipa-cloud.bytedance.net?type=pai","timestamp":1782545732544}
[15:35:33.917] [PAI SDK] CloudServer received reload event: {"url":"aipa://pai-preview-trae-7ff0a469.aipa-cloud.bytedance.net?type=pai","timestamp":1782545732544}
[15:35:33.917] [PAI SDK] reload, url = https://sd62opo6oqou1ckhsuo00.apigateway-cn-beijing.volceapi.com/?faasInstanceName=vefaas-f0vkicge-38hai6w31d-d8vmm6g2032lkmqlt1og-sandbox&hash=pai-preview-trae-7ff0a469
[15:35:33.917] [PAI SDK] cloudServer.update response: {
  "status": "running",
  "reload": false,
  "hash": "pai-preview-trae-7ff0a469"
}
[15:35:33.917] Update success (pai.updateCloudDev returned)
[15:35:34.018] [PAI SDK] Received event: log {"content":"<i> [webpack-dev-middleware] wait until bundle finished: /\n","timestamp":1782545732783}
[15:35:34.736] [PAI SDK] Received event: compile_error [{"filename":"","lineNumber":0,"description":"ModuleBuildError: Module build failed (from ../../../var/cache/pai-dev-server/prewarm/taro/a1bbf427d8f435dfb115d5256b2475a3/node_modules/.pnpm/sass-loader@14.2.1_sass@1.101.0_webpack@5.78.0_@swc+core@1.3.96_postcss@8.5.15_/node_modules/sass-loader/dist/cjs.js):\nUndefined variable.\n    ╷\n306 │     background: $color-warning-light;\n    │                 ^^^^^^^^^^^^^^^^^^^^\n    ╵\n  src/pages/medication/index.module.scss 306:17  root stylesheet\n\n→ Watching... [6/27/2026, 3:35:33 PM]\n\n","timestamp":1782545733451}]
[15:35:34.785] [PAI SDK] Received event: log {"content":"✖ Errors: \n\n","timestamp":1782545733550}
[15:35:35.715] [PAI SDK] Received event: log {"content":"🙅   编译失败. 6/27/2026, 3:35:34 PM\n\n","timestamp":1782545734400}
[15:35:37.205] [PAI SDK] Received event: compile_error [{"filename":"","lineNumber":0,"description":"ModuleBuildError: Module build failed (from ../../../var/cache/pai-dev-server/prewarm/taro/a1bbf427d8f435dfb115d5256b2475a3/node_modules/.pnpm/sass-loader@14.2.1_sass@1.101.0_webpack@5.78.0_@swc+core@1.3.96_postcss@8.5.15_/node_modules/sass-loader/dist/cjs.js):\nUndefined variable.\n    ╷\n306 │     background: $color-warning-light;\n    │                 ^^^^^^^^^^^^^^^^^^^^\n    ╵\n  src/pages/medication/index.module.scss 306:17  root stylesheet\n\n","timestamp":1782545734401}]
[15:35:37.206] [PAI SDK] Received event: compile_error [{"filename":"","lineNumber":0,"description":"ERROR in ./src/pages/medication/index.module.scss (../../../var/cache/pai-dev-server/prewarm/taro/a1bbf427d8f435dfb115d5256b2475a3/node_modules/.pnpm/css-loader@7.1.4_webpack@5.78.0_@swc+core@1.3.96_postcss@8.5.15_/node_modules/css-loader/dist/cjs.js??ruleSet[1].rules[2].oneOf[0].use[0]!../../../var/cache/pai-dev-server/prewarm/taro/a1bbf427d8f435dfb115d5256b2475a3/node_modules/.pnpm/postcss-loader@8.2.1_postcss@8.5.15_typescript@5.9.3_webpack@5.78.0_@swc+core@1.3.96_postcss@8.5.15_/node_modules/postcss-loader/dist/cjs.js??ruleSet[1].rules[3].use[0]!../../../var/cache/pai-dev-server/prewarm/taro/a1bbf427d8f435dfb115d5256b2475a3/node_modules/.pnpm/resolve-url-loader@5.0.0/node_modules/resolve-url-loader/index.js!../../../var/cache/pai-dev-server/prewarm/taro/a1bbf427d8f435dfb115d5256b2475a3/node_modules/.pnpm/sass-loader@14.2.1_sass@1.101.0_webpack@5.78.0_@swc+core@1.3.96_postcss@8.5.15_/node_modules/sass-loader/dist/cjs.js??ruleSet[1].rules[5].use[1]!./src/pages/medication/index.module.scss)\nModule build failed (from ../../../var/cache/pai-dev-server/prewarm/taro/a1bbf427d8f435dfb115d5256b2475a3/node_modules/.pnpm/sass-loader@14.2.1_sass@1.101.0_webpack@5.78.0_@swc+core@1.3.96_postcss@8.5.15_/node_modules/sass-loader/dist/cjs.js):\nUndefined variable.\n    ╷\n306 │     background: $color-warning-light;\n    │                 ^^^^^^^^^^^^^^^^^^^^\n    ╵\n  src/pages/medication/index.module.scss 306:17  root stylesheet\n   @ ./src/pages/medication/index.module.scss\n   @ ./src/pages/medication/index.tsx\n   @ ./src/app.config.ts","timestamp":1782545734435}]
[15:36:34.248] [Preview Server] Frontend disconnected, clients size = 1
[15:36:46.006] [Preview Server] Frontend connected, clients size = 1
[15:36:46.006] Sending cached status to new connection, lastStatusMessage = {"event":"status_change","message":{"url":"https://sd62opo6oqou1ckhsuo00.apigateway-cn-beijing.volceapi.com/?faasInstanceName=vefaas-f0vkicge-38hai6w31d-d8vmm6g2032lkmqlt1og-sandbox&hash=pai-preview-trae-7ff0a469","schema":"aipa://preview?type=pai&aipa_id=pai-preview-trae-7ff0a469&uuid=cbf8d3a2-c296-4fa7-8d26-c1064098bf25","status":"running","framework":"taro"}}
[15:36:46.007] Sending cached status to new connection, lastErrorMessage = {"event":"compile_error","message":[{"filename":"","lineNumber":0,"description":"ERROR in ./src/pages/medication/index.module.scss (../../../var/cache/pai-dev-server/prewarm/taro/a1bbf427d8f435dfb115d5256b2475a3/node_modules/.pnpm/css-loader@7.1.4_webpack@5.78.0_@swc+core@1.3.96_postcss@8.5.15_/node_modules/css-loader/dist/cjs.js??ruleSet[1].rules[2].oneOf[0].use[0]!../../../var/cache/pai-dev-server/prewarm/taro/a1bbf427d8f435dfb115d5256b2475a3/node_modules/.pnpm/postcss-loader@8.2.1_postcss@8.5.15_typescript@5.9.3_webpack@5.78.0_@swc+core@1.3.96_postcss@8.5.15_/node_modules/postcss-loader/dist/cjs.js??ruleSet[1].rules[3].use[0]!../../../var/cache/pai-dev-server/prewarm/taro/a1bbf427d8f435dfb115d5256b2475a3/node_modules/.pnpm/resolve-url-loader@5.0.0/node_modules/resolve-url-loader/index.js!../../../var/cache/pai-dev-server/prewarm/taro/a1bbf427d8f435dfb115d5256b2475a3/node_modules/.pnpm/sass-loader@14.2.1_sass@1.101.0_webpack@5.78.0_@swc+core@1.3.96_postcss@8.5.15_/node_modules/sass-loader/dist/cjs.js??ruleSet[1].rules[5].use[1]!./src/pages/medication/index.module.scss)\nModule build failed (from ../../../var/cache/pai-dev-server/prewarm/taro/a1bbf427d8f435dfb115d5256b2475a3/node_modules/.pnpm/sass-loader@14.2.1_sass@1.101.0_webpack@5.78.0_@swc+core@1.3.96_postcss@8.5.15_/node_modules/sass-loader/dist/cjs.js):\nUndefined variable.\n    ╷\n306 │     background: $color-warning-light;\n    │                 ^^^^^^^^^^^^^^^^^^^^\n    ╵\n  src/pages/medication/index.module.scss 306:17  root stylesheet\n   @ ./src/pages/medication/index.module.scss\n   @ ./src/pages/medication/index.tsx\n   @ ./src/app.config.ts","timestamp":1782545734435}]}
[15:36:46.008] [Preview Server] TRAE_JWT_TOKEN_PATH not set, using fallback: C:\Users\16907\.trae-cn\trae-jwt-token
[15:36:56.552] [PAI SDK] keepaliveSandbox error: [TypeError: fetch failed] {
  [cause]: ConnectTimeoutError: Connect Timeout Error (attempted addresses: 150.138.174.156:443, 182.40.140.150:443, 182.40.140.147:443, 182.40.140.149:443, 182.40.140.148:443, 182.40.140.146:443, 150.138.174.158:443, 150.138.174.157:443, 150.138.174.160:443, timeout: 10000ms)
      at onConnectTimeout (node:internal/deps/undici/undici:2378:23)
      at Immediate._onImmediate (node:internal/deps/undici/undici:2344:35)
      at process.processImmediate (node:internal/timers:504:21) {
    code: 'UND_ERR_CONNECT_TIMEOUT'
  }
}
[15:37:00.213] File change detected. Updating...
[15:37:00.231] readProjectFiles, Found 56 files to read.
[15:37:00.275] Files read. Count: 56
[15:37:00.276] Calling pai.updateCloudDev...
[15:37:00.276] [PAI SDK] cloudServer.update called, appId: pai-preview-trae-7ff0a469
[15:37:00.278] [Preview Server] TRAE_JWT_TOKEN_PATH not set, using fallback: C:\Users\16907\.trae-cn\trae-jwt-token
[15:37:06.840] [PAI SDK] Received event: reload {"url":"aipa://pai-preview-trae-7ff0a469.aipa-cloud.bytedance.net?type=pai","timestamp":1782545825623}
[15:37:06.840] [PAI SDK] CloudServer received reload event: {"url":"aipa://pai-preview-trae-7ff0a469.aipa-cloud.bytedance.net?type=pai","timestamp":1782545825623}
[15:37:06.840] [PAI SDK] reload, url = https://sd62opo6oqou1ckhsuo00.apigateway-cn-beijing.volceapi.com/?faasInstanceName=vefaas-f0vkicge-38hai6w31d-d8vmm6g2032lkmqlt1og-sandbox&hash=pai-preview-trae-7ff0a469
[15:37:06.841] [PAI SDK] cloudServer.update response: {
  "status": "running",
  "reload": false,
  "hash": "pai-preview-trae-7ff0a469"
}
[15:37:06.841] Update success (pai.updateCloudDev returned)
[15:37:07.000] [PAI SDK] Received event: log {"content":"<i> [webpack-dev-middleware] wait until bundle finished: /\n","timestamp":1782545825675}
[15:37:08.187] [PAI SDK] Received event: compile_error [{"filename":"","lineNumber":0,"description":"ModuleBuildError: Module build failed (from ../../../var/cache/pai-dev-server/prewarm/taro/a1bbf427d8f435dfb115d5256b2475a3/node_modules/.pnpm/sass-loader@14.2.1_sass@1.101.0_webpack@5.78.0_@swc+core@1.3.96_postcss@8.5.15_/node_modules/sass-loader/dist/cjs.js):\nUndefined variable.\n    ╷\n306 │     background: $color-warning-light;\n    │                 ^^^^^^^^^^^^^^^^^^^^\n    ╵\n  src/pages/medication/index.module.scss 306:17  root stylesheet\n\n","timestamp":1782545826911}]
[15:37:09.114] [PAI SDK] Received event: log {"content":"🙅   编译失败. 6/27/2026, 3:37:07 PM\n\n","timestamp":1782545827889}
[15:37:09.114] [PAI SDK] Received event: compile_error [{"filename":"","lineNumber":0,"description":"ModuleBuildError: Module build failed (from ../../../var/cache/pai-dev-server/prewarm/taro/a1bbf427d8f435dfb115d5256b2475a3/node_modules/.pnpm/sass-loader@14.2.1_sass@1.101.0_webpack@5.78.0_@swc+core@1.3.96_postcss@8.5.15_/node_modules/sass-loader/dist/cjs.js):\nUndefined variable.\n    ╷\n306 │     background: $color-warning-light;\n    │                 ^^^^^^^^^^^^^^^^^^^^\n    ╵\n  src/pages/medication/index.module.scss 306:17  root stylesheet\n\n","timestamp":1782545827889}]
[15:37:09.223] [PAI SDK] Received event: compile_error [{"filename":"","lineNumber":0,"description":"ERROR in ./src/pages/medication/index.module.scss (../../../var/cache/pai-dev-server/prewarm/taro/a1bbf427d8f435dfb115d5256b2475a3/node_modules/.pnpm/css-loader@7.1.4_webpack@5.78.0_@swc+core@1.3.96_postcss@8.5.15_/node_modules/css-loader/dist/cjs.js??ruleSet[1].rules[2].oneOf[0].use[0]!../../../var/cache/pai-dev-server/prewarm/taro/a1bbf427d8f435dfb115d5256b2475a3/node_modules/.pnpm/postcss-loader@8.2.1_postcss@8.5.15_typescript@5.9.3_webpack@5.78.0_@swc+core@1.3.96_postcss@8.5.15_/node_modules/postcss-loader/dist/cjs.js??ruleSet[1].rules[3].use[0]!../../../var/cache/pai-dev-server/prewarm/taro/a1bbf427d8f435dfb115d5256b2475a3/node_modules/.pnpm/resolve-url-loader@5.0.0/node_modules/resolve-url-loader/index.js!../../../var/cache/pai-dev-server/prewarm/taro/a1bbf427d8f435dfb115d5256b2475a3/node_modules/.pnpm/sass-loader@14.2.1_sass@1.101.0_webpack@5.78.0_@swc+core@1.3.96_postcss@8.5.15_/node_modules/sass-loader/dist/cjs.js??ruleSet[1].rules[5].use[1]!./src/pages/medication/index.module.scss)\nModule build failed (from ../../../var/cache/pai-dev-server/prewarm/taro/a1bbf427d8f435dfb115d5256b2475a3/node_modules/.pnpm/sass-loader@14.2.1_sass@1.101.0_webpack@5.78.0_@swc+core@1.3.96_postcss@8.5.15_/node_modules/sass-loader/dist/cjs.js):\nUndefined variable.\n    ╷\n306 │     background: $color-warning-light;\n    │                 ^^^^^^^^^^^^^^^^^^^^\n    ╵\n  src/pages/medication/index.module.scss 306:17  root stylesheet\n   @ ./src/pages/medication/index.module.scss\n   @ ./src/pages/medication/index.tsx\n   @ ./src/app.config.ts","timestamp":1782545827905}]
[15:37:21.803] File change detected. Updating...
[15:37:21.818] readProjectFiles, Found 56 files to read.
[15:37:21.860] Files read. Count: 56
[15:37:21.860] Calling pai.updateCloudDev...
[15:37:21.860] [PAI SDK] cloudServer.update called, appId: pai-preview-trae-7ff0a469
[15:37:21.863] [Preview Server] TRAE_JWT_TOKEN_PATH not set, using fallback: C:\Users\16907\.trae-cn\trae-jwt-token
[15:37:25.319] [Preview Server] Frontend disconnected, clients size = 1
[15:37:28.816] [PAI SDK] Received event: reload {"url":"aipa://pai-preview-trae-7ff0a469.aipa-cloud.bytedance.net?type=pai","timestamp":1782545847202}
[15:37:28.816] [PAI SDK] CloudServer received reload event: {"url":"aipa://pai-preview-trae-7ff0a469.aipa-cloud.bytedance.net?type=pai","timestamp":1782545847202}
[15:37:28.817] [PAI SDK] reload, url = https://sd62opo6oqou1ckhsuo00.apigateway-cn-beijing.volceapi.com/?faasInstanceName=vefaas-f0vkicge-38hai6w31d-d8vmm6g2032lkmqlt1og-sandbox&hash=pai-preview-trae-7ff0a469
[15:37:28.817] [PAI SDK] cloudServer.update response: {
  "status": "running",
  "reload": false,
  "hash": "pai-preview-trae-7ff0a469"
}
[15:37:28.817] Update success (pai.updateCloudDev returned)
[15:37:29.734] [PAI SDK] Received event: compile_error [{"filename":"","lineNumber":0,"description":"ModuleBuildError: Module build failed (from ../../../var/cache/pai-dev-server/prewarm/taro/a1bbf427d8f435dfb115d5256b2475a3/node_modules/.pnpm/sass-loader@14.2.1_sass@1.101.0_webpack@5.78.0_@swc+core@1.3.96_postcss@8.5.15_/node_modules/sass-loader/dist/cjs.js):\nUndefined variable.\n    ╷\n306 │     background: $color-warning-light;\n    │                 ^^^^^^^^^^^^^^^^^^^^\n    ╵\n  src/pages/medication/index.module.scss 306:17  root stylesheet\n\n","timestamp":1782545848356}]
[15:37:31.109] [PAI SDK] Received event: log {"content":"🙅   编译失败. 6/27/2026, 3:37:28 PM\n\n","timestamp":1782545848689}
[15:37:31.109] [PAI SDK] Received event: compile_error [{"filename":"","lineNumber":0,"description":"ModuleBuildError: Module build failed (from ../../../var/cache/pai-dev-server/prewarm/taro/a1bbf427d8f435dfb115d5256b2475a3/node_modules/.pnpm/sass-loader@14.2.1_sass@1.101.0_webpack@5.78.0_@swc+core@1.3.96_postcss@8.5.15_/node_modules/sass-loader/dist/cjs.js):\nUndefined variable.\n    ╷\n306 │     background: $color-warning-light;\n    │                 ^^^^^^^^^^^^^^^^^^^^\n    ╵\n  src/pages/medication/index.module.scss 306:17  root stylesheet\n\n","timestamp":1782545848690}]
[15:37:31.110] [PAI SDK] Received event: compile_error [{"filename":"","lineNumber":0,"description":"ERROR in ./src/pages/medication/index.module.scss (../../../var/cache/pai-dev-server/prewarm/taro/a1bbf427d8f435dfb115d5256b2475a3/node_modules/.pnpm/css-loader@7.1.4_webpack@5.78.0_@swc+core@1.3.96_postcss@8.5.15_/node_modules/css-loader/dist/cjs.js??ruleSet[1].rules[2].oneOf[0].use[0]!../../../var/cache/pai-dev-server/prewarm/taro/a1bbf427d8f435dfb115d5256b2475a3/node_modules/.pnpm/postcss-loader@8.2.1_postcss@8.5.15_typescript@5.9.3_webpack@5.78.0_@swc+core@1.3.96_postcss@8.5.15_/node_modules/postcss-loader/dist/cjs.js??ruleSet[1].rules[3].use[0]!../../../var/cache/pai-dev-server/prewarm/taro/a1bbf427d8f435dfb115d5256b2475a3/node_modules/.pnpm/resolve-url-loader@5.0.0/node_modules/resolve-url-loader/index.js!../../../var/cache/pai-dev-server/prewarm/taro/a1bbf427d8f435dfb115d5256b2475a3/node_modules/.pnpm/sass-loader@14.2.1_sass@1.101.0_webpack@5.78.0_@swc+core@1.3.96_postcss@8.5.15_/node_modules/sass-loader/dist/cjs.js??ruleSet[1].rules[5].use[1]!./src/pages/medication/index.module.scss)\nModule build failed (from ../../../var/cache/pai-dev-server/prewarm/taro/a1bbf427d8f435dfb115d5256b2475a3/node_modules/.pnpm/sass-loader@14.2.1_sass@1.101.0_webpack@5.78.0_@swc+core@1.3.96_postcss@8.5.15_/node_modules/sass-loader/dist/cjs.js):\nUndefined variable.\n    ╷\n306 │     background: $color-warning-light;\n    │                 ^^^^^^^^^^^^^^^^^^^^\n    ╵\n  src/pages/medication/index.module.scss 306:17  root stylesheet\n   @ ./src/pages/medication/index.module.scss\n   @ ./src/pages/medication/index.tsx\n   @ ./src/app.config.ts","timestamp":1782545848714}]
[15:37:58.178] [Preview Server] Frontend connected, clients size = 1
[15:37:58.178] Sending cached status to new connection, lastStatusMessage = {"event":"status_change","message":{"url":"https://sd62opo6oqou1ckhsuo00.apigateway-cn-beijing.volceapi.com/?faasInstanceName=vefaas-f0vkicge-38hai6w31d-d8vmm6g2032lkmqlt1og-sandbox&hash=pai-preview-trae-7ff0a469","schema":"aipa://preview?type=pai&aipa_id=pai-preview-trae-7ff0a469&uuid=cbf8d3a2-c296-4fa7-8d26-c1064098bf25","status":"running","framework":"taro"}}
[15:37:58.179] Sending cached status to new connection, lastErrorMessage = {"event":"compile_error","message":[{"filename":"","lineNumber":0,"description":"ERROR in ./src/pages/medication/index.module.scss (../../../var/cache/pai-dev-server/prewarm/taro/a1bbf427d8f435dfb115d5256b2475a3/node_modules/.pnpm/css-loader@7.1.4_webpack@5.78.0_@swc+core@1.3.96_postcss@8.5.15_/node_modules/css-loader/dist/cjs.js??ruleSet[1].rules[2].oneOf[0].use[0]!../../../var/cache/pai-dev-server/prewarm/taro/a1bbf427d8f435dfb115d5256b2475a3/node_modules/.pnpm/postcss-loader@8.2.1_postcss@8.5.15_typescript@5.9.3_webpack@5.78.0_@swc+core@1.3.96_postcss@8.5.15_/node_modules/postcss-loader/dist/cjs.js??ruleSet[1].rules[3].use[0]!../../../var/cache/pai-dev-server/prewarm/taro/a1bbf427d8f435dfb115d5256b2475a3/node_modules/.pnpm/resolve-url-loader@5.0.0/node_modules/resolve-url-loader/index.js!../../../var/cache/pai-dev-server/prewarm/taro/a1bbf427d8f435dfb115d5256b2475a3/node_modules/.pnpm/sass-loader@14.2.1_sass@1.101.0_webpack@5.78.0_@swc+core@1.3.96_postcss@8.5.15_/node_modules/sass-loader/dist/cjs.js??ruleSet[1].rules[5].use[1]!./src/pages/medication/index.module.scss)\nModule build failed (from ../../../var/cache/pai-dev-server/prewarm/taro/a1bbf427d8f435dfb115d5256b2475a3/node_modules/.pnpm/sass-loader@14.2.1_sass@1.101.0_webpack@5.78.0_@swc+core@1.3.96_postcss@8.5.15_/node_modules/sass-loader/dist/cjs.js):\nUndefined variable.\n    ╷\n306 │     background: $color-warning-light;\n    │                 ^^^^^^^^^^^^^^^^^^^^\n    ╵\n  src/pages/medication/index.module.scss 306:17  root stylesheet\n   @ ./src/pages/medication/index.module.scss\n   @ ./src/pages/medication/index.tsx\n   @ ./src/app.config.ts","timestamp":1782545848714}]}
[15:37:58.179] [Preview Server] TRAE_JWT_TOKEN_PATH not set, using fallback: C:\Users\16907\.trae-cn\trae-jwt-token
[15:38:23.006] File change detected. Updating...
[15:38:23.026] readProjectFiles, Found 56 files to read.
[15:38:23.065] Files read. Count: 56
[15:38:23.065] Calling pai.updateCloudDev...
[15:38:23.065] [PAI SDK] cloudServer.update called, appId: pai-preview-trae-7ff0a469
[15:38:23.068] [Preview Server] TRAE_JWT_TOKEN_PATH not set, using fallback: C:\Users\16907\.trae-cn\trae-jwt-token
[15:38:29.882] [PAI SDK] Received event: reload {"url":"aipa://pai-preview-trae-7ff0a469.aipa-cloud.bytedance.net?type=pai","timestamp":1782545908538}
[15:38:29.882] [PAI SDK] CloudServer received reload event: {"url":"aipa://pai-preview-trae-7ff0a469.aipa-cloud.bytedance.net?type=pai","timestamp":1782545908538}
[15:38:29.883] [PAI SDK] reload, url = https://sd62opo6oqou1ckhsuo00.apigateway-cn-beijing.volceapi.com/?faasInstanceName=vefaas-f0vkicge-38hai6w31d-d8vmm6g2032lkmqlt1og-sandbox&hash=pai-preview-trae-7ff0a469
[15:38:30.323] [PAI SDK] cloudServer.update response: {
  "status": "running",
  "reload": false,
  "hash": "pai-preview-trae-7ff0a469"
}
[15:38:30.324] Update success (pai.updateCloudDev returned)
[15:38:30.324] [PAI SDK] Received event: log {"content":"<i> [webpack-dev-middleware] wait until bundle finished: /\n","timestamp":1782545909088}
[15:38:30.709] [PAI SDK] Received event: compile_error [{"filename":"","lineNumber":0,"description":"ModuleBuildError: Module build failed (from ../../../var/cache/pai-dev-server/prewarm/taro/a1bbf427d8f435dfb115d5256b2475a3/node_modules/.pnpm/sass-loader@14.2.1_sass@1.101.0_webpack@5.78.0_@swc+core@1.3.96_postcss@8.5.15_/node_modules/sass-loader/dist/cjs.js):\nUndefined variable.\n    ╷\n535 │     background: $color-warning-light;\n    │                 ^^^^^^^^^^^^^^^^^^^^\n    ╵\n  src/pages/guardian/index.module.scss 535:17  root stylesheet\n\n","timestamp":1782545909441}]
[15:38:31.433] Received update request via HTTP
[15:38:31.760] [PAI SDK] Received event: log {"content":"🙅   编译失败. 6/27/2026, 3:38:30 PM\n\n","timestamp":1782545910454}
[15:38:31.761] [PAI SDK] Received event: compile_error [{"filename":"","lineNumber":0,"description":"ModuleBuildError: Module build failed (from ../../../var/cache/pai-dev-server/prewarm/taro/a1bbf427d8f435dfb115d5256b2475a3/node_modules/.pnpm/sass-loader@14.2.1_sass@1.101.0_webpack@5.78.0_@swc+core@1.3.96_postcss@8.5.15_/node_modules/sass-loader/dist/cjs.js):\nUndefined variable.\n    ╷\n535 │     background: $color-warning-light;\n    │                 ^^^^^^^^^^^^^^^^^^^^\n    ╵\n  src/pages/guardian/index.module.scss 535:17  root stylesheet\n\n","timestamp":1782545910454}]
[15:38:32.536] [PAI SDK] Received event: compile_error [{"filename":"","lineNumber":0,"description":"ERROR in ./src/pages/guardian/index.module.scss (../../../var/cache/pai-dev-server/prewarm/taro/a1bbf427d8f435dfb115d5256b2475a3/node_modules/.pnpm/css-loader@7.1.4_webpack@5.78.0_@swc+core@1.3.96_postcss@8.5.15_/node_modules/css-loader/dist/cjs.js??ruleSet[1].rules[2].oneOf[0].use[0]!../../../var/cache/pai-dev-server/prewarm/taro/a1bbf427d8f435dfb115d5256b2475a3/node_modules/.pnpm/postcss-loader@8.2.1_postcss@8.5.15_typescript@5.9.3_webpack@5.78.0_@swc+core@1.3.96_postcss@8.5.15_/node_modules/postcss-loader/dist/cjs.js??ruleSet[1].rules[3].use[0]!../../../var/cache/pai-dev-server/prewarm/taro/a1bbf427d8f435dfb115d5256b2475a3/node_modules/.pnpm/resolve-url-loader@5.0.0/node_modules/resolve-url-loader/index.js!../../../var/cache/pai-dev-server/prewarm/taro/a1bbf427d8f435dfb115d5256b2475a3/node_modules/.pnpm/sass-loader@14.2.1_sass@1.101.0_webpack@5.78.0_@swc+core@1.3.96_postcss@8.5.15_/node_modules/sass-loader/dist/cjs.js??ruleSet[1].rules[5].use[1]!./src/pages/guardian/index.module.scss)\nModule build failed (from ../../../var/cache/pai-dev-server/prewarm/taro/a1bbf427d8f435dfb115d5256b2475a3/node_modules/.pnpm/sass-loader@14.2.1_sass@1.101.0_webpack@5.78.0_@swc+core@1.3.96_postcss@8.5.15_/node_modules/sass-loader/dist/cjs.js):\nUndefined variable.\n    ╷\n535 │     background: $color-warning-light;\n    │                 ^^^^^^^^^^^^^^^^^^^^\n    ╵\n  src/pages/guardian/index.module.scss 535:17  root stylesheet\n   @ ./src/pages/guardian/index.module.scss\n   @ ./src/pages/guardian/index.tsx\n   @ ./src/app.config.ts\n\nERROR in ./src/pages/medication/index.module.scss (../../../var/cache/pai-dev-server/prewarm/taro/a1bbf427d8f435dfb115d5256b2475a3/node_modules/.pnpm/css-loader@7.1.4_webpack@5.78.0_@swc+core@1.3.96_postcss@8.5.15_/node_modules/css-loader/dist/cjs.js??ruleSet[1].rules[2].oneOf[0].use[0]!../../../var/cache/pai-dev-server/prewarm/taro/a1bbf427d8f435dfb115d5256b2475a3/node_modules/.pnpm/postcss-loader@8.2.1_postcss@8.5.15_typescript@5.9.3_webpack@5.78.0_@swc+core@1.3.96_postcss@8.5.15_/node_modules/postcss-loader/dist/cjs.js??ruleSet[1].rules[3].use[0]!../../../var/cache/pai-dev-server/prewarm/taro/a1bbf427d8f435dfb115d5256b2475a3/node_modules/.pnpm/resolve-url-loader@5.0.0/node_modules/resolve-url-loader/index.js!../../../var/cache/pai-dev-server/prewarm/taro/a1bbf427d8f435dfb115d5256b2475a3/node_modules/.pnpm/sass-loader@14.2.1_sass@1.101.0_webpack@5.78.0_@swc+core@1.3.96_postcss@8.5.15_/node_modules/sass-loader/dist/cjs.js??ruleSet[1].rules[5].use[1]!./src/pages/medication/index.module.scss)\nModule build failed (from ../../../var/cache/pai-dev-server/prewarm/taro/a1bbf427d8f435dfb115d5256b2475a3/node_modules/.pnpm/sass-loader@14.2.1_sass@1.101.0_webpack@5.78.0_@swc+core@1.3.96_postcss@8.5.15_/node_modules/sass-loader/dist/cjs.js):\nUndefined variable.\n    ╷\n306 │     background: $color-warning-light;\n    │                 ^^^^^^^^^^^^^^^^^^^^\n    ╵\n  src/pages/medication/index.module.scss 306:17  root stylesheet\n   @ ./src/pages/medication/index.module.scss\n   @ ./src/pages/medication/index.tsx\n   @ ./src/app.config.ts","timestamp":1782545910488}]
[15:38:33.439] File change detected. Updating...
[15:38:33.456] readProjectFiles, Found 56 files to read.
[15:38:33.494] Files read. Count: 56
[15:38:33.494] Calling pai.updateCloudDev...
[15:38:33.494] [PAI SDK] cloudServer.update called, appId: pai-preview-trae-7ff0a469
[15:38:33.497] [Preview Server] TRAE_JWT_TOKEN_PATH not set, using fallback: C:\Users\16907\.trae-cn\trae-jwt-token
[15:38:36.296] [PAI SDK] Received event: reload {"url":"aipa://pai-preview-trae-7ff0a469.aipa-cloud.bytedance.net?type=pai","timestamp":1782545915060}
[15:38:36.296] [PAI SDK] CloudServer received reload event: {"url":"aipa://pai-preview-trae-7ff0a469.aipa-cloud.bytedance.net?type=pai","timestamp":1782545915060}
[15:38:36.296] [PAI SDK] reload, url = https://sd62opo6oqou1ckhsuo00.apigateway-cn-beijing.volceapi.com/?faasInstanceName=vefaas-f0vkicge-38hai6w31d-d8vmm6g2032lkmqlt1og-sandbox&hash=pai-preview-trae-7ff0a469
[15:38:36.296] [PAI SDK] cloudServer.update response: {
  "status": "running",
  "reload": false,
  "hash": "pai-preview-trae-7ff0a469"
}
[15:38:36.297] Update success (pai.updateCloudDev returned)
[15:38:36.522] [PAI SDK] Received event: log {"content":"<i> [webpack-dev-middleware] wait until bundle finished: /js/app.c7d3a5ac.js?faasInstanceName=vefaas-f0vkicge-38hai6w31d-d8vmm6g2032lkmqlt1og-sandbox&hash=pai-preview-trae-7ff0a469\n","timestamp":1782545915255}
[15:38:36.523] [PAI SDK] Received event: log {"content":"<i> [webpack-dev-middleware] wait until bundle finished: /js/taro.c7d3a5ac.js?faasInstanceName=vefaas-f0vkicge-38hai6w31d-d8vmm6g2032lkmqlt1og-sandbox&hash=pai-preview-trae-7ff0a469\n","timestamp":1782545915256}
[15:38:36.523] [PAI SDK] Received event: log {"content":"<i> [webpack-dev-middleware] wait until bundle finished: /\n","timestamp":1782545915256}
[15:38:36.523] [PAI SDK] Received event: log {"content":"<i> [webpack-dev-middleware] wait until bundle finished: /js/runtime.c7d3a5ac.js?faasInstanceName=vefaas-f0vkicge-38hai6w31d-d8vmm6g2032lkmqlt1og-sandbox&hash=pai-preview-trae-7ff0a469\n","timestamp":1782545915257}
[15:38:37.171] [PAI SDK] Received event: compile_error [{"filename":"","lineNumber":0,"description":"ModuleBuildError: Module build failed (from ../../../var/cache/pai-dev-server/prewarm/taro/a1bbf427d8f435dfb115d5256b2475a3/node_modules/.pnpm/sass-loader@14.2.1_sass@1.101.0_webpack@5.78.0_@swc+core@1.3.96_postcss@8.5.15_/node_modules/sass-loader/dist/cjs.js):\nUndefined variable.\n    ╷\n535 │     background: $color-warning-light;\n    │                 ^^^^^^^^^^^^^^^^^^^^\n    ╵\n  src/pages/guardian/index.module.scss 535:17  root stylesheet\n\n","timestamp":1782545915914}]
[15:38:37.447] [PAI SDK] Received event: log {"content":"🙅   编译失败. 6/27/2026, 3:38:36 PM\n\n","timestamp":1782545916226}
[15:38:37.447] [PAI SDK] Received event: compile_error [{"filename":"","lineNumber":0,"description":"ModuleBuildError: Module build failed (from ../../../var/cache/pai-dev-server/prewarm/taro/a1bbf427d8f435dfb115d5256b2475a3/node_modules/.pnpm/sass-loader@14.2.1_sass@1.101.0_webpack@5.78.0_@swc+core@1.3.96_postcss@8.5.15_/node_modules/sass-loader/dist/cjs.js):\nUndefined variable.\n    ╷\n535 │     background: $color-warning-light;\n    │                 ^^^^^^^^^^^^^^^^^^^^\n    ╵\n  src/pages/guardian/index.module.scss 535:17  root stylesheet\n\n","timestamp":1782545916226}]
[15:38:37.971] [PAI SDK] Received event: compile_error [{"filename":"","lineNumber":0,"description":"ERROR in ./src/pages/guardian/index.module.scss (../../../var/cache/pai-dev-server/prewarm/taro/a1bbf427d8f435dfb115d5256b2475a3/node_modules/.pnpm/css-loader@7.1.4_webpack@5.78.0_@swc+core@1.3.96_postcss@8.5.15_/node_modules/css-loader/dist/cjs.js??ruleSet[1].rules[2].oneOf[0].use[0]!../../../var/cache/pai-dev-server/prewarm/taro/a1bbf427d8f435dfb115d5256b2475a3/node_modules/.pnpm/postcss-loader@8.2.1_postcss@8.5.15_typescript@5.9.3_webpack@5.78.0_@swc+core@1.3.96_postcss@8.5.15_/node_modules/postcss-loader/dist/cjs.js??ruleSet[1].rules[3].use[0]!../../../var/cache/pai-dev-server/prewarm/taro/a1bbf427d8f435dfb115d5256b2475a3/node_modules/.pnpm/resolve-url-loader@5.0.0/node_modules/resolve-url-loader/index.js!../../../var/cache/pai-dev-server/prewarm/taro/a1bbf427d8f435dfb115d5256b2475a3/node_modules/.pnpm/sass-loader@14.2.1_sass@1.101.0_webpack@5.78.0_@swc+core@1.3.96_postcss@8.5.15_/node_modules/sass-loader/dist/cjs.js??ruleSet[1].rules[5].use[1]!./src/pages/guardian/index.module.scss)\nModule build failed (from ../../../var/cache/pai-dev-server/prewarm/taro/a1bbf427d8f435dfb115d5256b2475a3/node_modules/.pnpm/sass-loader@14.2.1_sass@1.101.0_webpack@5.78.0_@swc+core@1.3.96_postcss@8.5.15_/node_modules/sass-loader/dist/cjs.js):\nUndefined variable.\n    ╷\n535 │     background: $color-warning-light;\n    │                 ^^^^^^^^^^^^^^^^^^^^\n    ╵\n  src/pages/guardian/index.module.scss 535:17  root stylesheet\n   @ ./src/pages/guardian/index.module.scss\n   @ ./src/pages/guardian/index.tsx\n   @ ./src/app.config.ts\n\nERROR in ./src/pages/medication/index.module.scss (../../../var/cache/pai-dev-server/prewarm/taro/a1bbf427d8f435dfb115d5256b2475a3/node_modules/.pnpm/css-loader@7.1.4_webpack@5.78.0_@swc+core@1.3.96_postcss@8.5.15_/node_modules/css-loader/dist/cjs.js??ruleSet[1].rules[2].oneOf[0].use[0]!../../../var/cache/pai-dev-server/prewarm/taro/a1bbf427d8f435dfb115d5256b2475a3/node_modules/.pnpm/postcss-loader@8.2.1_postcss@8.5.15_typescript@5.9.3_webpack@5.78.0_@swc+core@1.3.96_postcss@8.5.15_/node_modules/postcss-loader/dist/cjs.js??ruleSet[1].rules[3].use[0]!../../../var/cache/pai-dev-server/prewarm/taro/a1bbf427d8f435dfb115d5256b2475a3/node_modules/.pnpm/resolve-url-loader@5.0.0/node_modules/resolve-url-loader/index.js!../../../var/cache/pai-dev-server/prewarm/taro/a1bbf427d8f435dfb115d5256b2475a3/node_modules/.pnpm/sass-loader@14.2.1_sass@1.101.0_webpack@5.78.0_@swc+core@1.3.96_postcss@8.5.15_/node_modules/sass-loader/dist/cjs.js??ruleSet[1].rules[5].use[1]!./src/pages/medication/index.module.scss)\nModule build failed (from ../../../var/cache/pai-dev-server/prewarm/taro/a1bbf427d8f435dfb115d5256b2475a3/node_modules/.pnpm/sass-loader@14.2.1_sass@1.101.0_webpack@5.78.0_@swc+core@1.3.96_postcss@8.5.15_/node_modules/sass-loader/dist/cjs.js):\nUndefined variable.\n    ╷\n306 │     background: $color-warning-light;\n    │                 ^^^^^^^^^^^^^^^^^^^^\n    ╵\n  src/pages/medication/index.module.scss 306:17  root stylesheet\n   @ ./src/pages/medication/index.module.scss\n   @ ./src/pages/medication/index.tsx\n   @ ./src/app.config.ts","timestamp":1782545916235}]
[15:39:43.092] File change detected. Updating...
[15:39:43.114] readProjectFiles, Found 56 files to read.
[15:39:43.163] Files read. Count: 56
[15:39:43.163] Calling pai.updateCloudDev...
[15:39:43.163] [PAI SDK] cloudServer.update called, appId: pai-preview-trae-7ff0a469
[15:39:43.166] [Preview Server] TRAE_JWT_TOKEN_PATH not set, using fallback: C:\Users\16907\.trae-cn\trae-jwt-token
[15:39:43.696] [PAI SDK] Received event: reload {"url":"aipa://pai-preview-trae-7ff0a469.aipa-cloud.bytedance.net?type=pai","timestamp":1782545982343}
[15:39:43.697] [PAI SDK] CloudServer received reload event: {"url":"aipa://pai-preview-trae-7ff0a469.aipa-cloud.bytedance.net?type=pai","timestamp":1782545982343}
[15:39:43.697] [PAI SDK] reload, url = https://sd62opo6oqou1ckhsuo00.apigateway-cn-beijing.volceapi.com/?faasInstanceName=vefaas-f0vkicge-38hai6w31d-d8vmm6g2032lkmqlt1og-sandbox&hash=pai-preview-trae-7ff0a469
[15:39:43.697] [PAI SDK] cloudServer.update response: {
  "status": "running",
  "reload": false,
  "hash": "pai-preview-trae-7ff0a469"
}
[15:39:43.697] Update success (pai.updateCloudDev returned)
[15:39:44.811] [PAI SDK] Received event: log {"content":"<i> [webpack-dev-middleware] wait until bundle finished: /\n","timestamp":1782545983480}
[15:39:47.058] [PAI SDK] Received event: log {"content":"✅  编译成功 6/27/2026, 3:39:45 PM\n\n","timestamp":1782545985827}
[15:39:56.080] File change detected. Updating...
[15:39:56.095] readProjectFiles, Found 56 files to read.
[15:39:56.140] Files read. Count: 56
[15:39:56.141] Calling pai.updateCloudDev...
[15:39:56.141] [PAI SDK] cloudServer.update called, appId: pai-preview-trae-7ff0a469
[15:39:56.144] [Preview Server] TRAE_JWT_TOKEN_PATH not set, using fallback: C:\Users\16907\.trae-cn\trae-jwt-token
[15:39:59.012] [PAI SDK] Received event: reload {"url":"aipa://pai-preview-trae-7ff0a469.aipa-cloud.bytedance.net?type=pai","timestamp":1782545997155}
[15:39:59.013] [PAI SDK] CloudServer received reload event: {"url":"aipa://pai-preview-trae-7ff0a469.aipa-cloud.bytedance.net?type=pai","timestamp":1782545997155}
[15:39:59.013] [PAI SDK] reload, url = https://sd62opo6oqou1ckhsuo00.apigateway-cn-beijing.volceapi.com/?faasInstanceName=vefaas-f0vkicge-38hai6w31d-d8vmm6g2032lkmqlt1og-sandbox&hash=pai-preview-trae-7ff0a469
[15:39:59.013] [PAI SDK] cloudServer.update response: {
  "status": "running",
  "reload": false,
  "hash": "pai-preview-trae-7ff0a469"
}
[15:39:59.014] Update success (pai.updateCloudDev returned)
[15:40:00.151] [PAI SDK] Received event: log {"content":"✅  编译成功 6/27/2026, 3:39:58 PM\n\n","timestamp":1782545998675}
[15:40:44.298] File change detected. Updating...
[15:40:44.318] readProjectFiles, Found 56 files to read.
[15:40:44.367] Files read. Count: 56
[15:40:44.367] Calling pai.updateCloudDev...
[15:40:44.368] [PAI SDK] cloudServer.update called, appId: pai-preview-trae-7ff0a469
[15:40:44.371] [Preview Server] TRAE_JWT_TOKEN_PATH not set, using fallback: C:\Users\16907\.trae-cn\trae-jwt-token
[15:40:46.058] [PAI SDK] Received event: reload {"url":"aipa://pai-preview-trae-7ff0a469.aipa-cloud.bytedance.net?type=pai","timestamp":1782546044455}
[15:40:46.059] [PAI SDK] CloudServer received reload event: {"url":"aipa://pai-preview-trae-7ff0a469.aipa-cloud.bytedance.net?type=pai","timestamp":1782546044455}
[15:40:46.059] [PAI SDK] reload, url = https://sd62opo6oqou1ckhsuo00.apigateway-cn-beijing.volceapi.com/?faasInstanceName=vefaas-f0vkicge-38hai6w31d-d8vmm6g2032lkmqlt1og-sandbox&hash=pai-preview-trae-7ff0a469
[15:40:46.059] [PAI SDK] cloudServer.update response: {
  "status": "running",
  "reload": false,
  "hash": "pai-preview-trae-7ff0a469"
}
[15:40:46.060] Update success (pai.updateCloudDev returned)
[15:40:46.234] [PAI SDK] Received event: log {"content":"<i> [webpack-dev-middleware] wait until bundle finished: /\n","timestamp":1782546044913}
[15:40:46.858] [PAI SDK] Received event: log {"content":"✅  编译成功 6/27/2026, 3:40:45 PM\n\n","timestamp":1782546045610}
[15:41:15.305] File change detected. Updating...
[15:41:15.321] readProjectFiles, Found 56 files to read.
[15:41:15.362] Files read. Count: 56
[15:41:15.363] Calling pai.updateCloudDev...
[15:41:15.363] [PAI SDK] cloudServer.update called, appId: pai-preview-trae-7ff0a469
[15:41:15.366] [Preview Server] TRAE_JWT_TOKEN_PATH not set, using fallback: C:\Users\16907\.trae-cn\trae-jwt-token
[15:41:20.490] [PAI SDK] Received event: reload {"url":"aipa://pai-preview-trae-7ff0a469.aipa-cloud.bytedance.net?type=pai","timestamp":1782546079178}
[15:41:20.491] [PAI SDK] CloudServer received reload event: {"url":"aipa://pai-preview-trae-7ff0a469.aipa-cloud.bytedance.net?type=pai","timestamp":1782546079178}
[15:41:20.491] [PAI SDK] reload, url = https://sd62opo6oqou1ckhsuo00.apigateway-cn-beijing.volceapi.com/?faasInstanceName=vefaas-f0vkicge-38hai6w31d-d8vmm6g2032lkmqlt1og-sandbox&hash=pai-preview-trae-7ff0a469
[15:41:20.491] [PAI SDK] cloudServer.update response: {
  "status": "running",
  "reload": false,
  "hash": "pai-preview-trae-7ff0a469"
}
[15:41:20.491] Update success (pai.updateCloudDev returned)
[15:41:23.173] [PAI SDK] Received event: log {"content":"✅  编译成功 6/27/2026, 3:41:21 PM\n\n","timestamp":1782546081800}
[15:41:36.009] File change detected. Updating...
[15:41:36.026] readProjectFiles, Found 56 files to read.
[15:41:36.063] Files read. Count: 56
[15:41:36.063] Calling pai.updateCloudDev...
[15:41:36.064] [PAI SDK] cloudServer.update called, appId: pai-preview-trae-7ff0a469
[15:41:36.066] [Preview Server] TRAE_JWT_TOKEN_PATH not set, using fallback: C:\Users\16907\.trae-cn\trae-jwt-token
[15:41:36.923] [PAI SDK] Received event: reload {"url":"aipa://pai-preview-trae-7ff0a469.aipa-cloud.bytedance.net?type=pai","timestamp":1782546095519}
[15:41:36.923] [PAI SDK] CloudServer received reload event: {"url":"aipa://pai-preview-trae-7ff0a469.aipa-cloud.bytedance.net?type=pai","timestamp":1782546095519}
[15:41:36.923] [PAI SDK] reload, url = https://sd62opo6oqou1ckhsuo00.apigateway-cn-beijing.volceapi.com/?faasInstanceName=vefaas-f0vkicge-38hai6w31d-d8vmm6g2032lkmqlt1og-sandbox&hash=pai-preview-trae-7ff0a469
[15:41:36.924] [PAI SDK] cloudServer.update response: {
  "status": "running",
  "reload": false,
  "hash": "pai-preview-trae-7ff0a469"
}
[15:41:36.924] Update success (pai.updateCloudDev returned)
[15:41:37.579] [PAI SDK] Received event: log {"content":"<i> [webpack-dev-middleware] wait until bundle finished: /\n","timestamp":1782546096362}
[15:41:38.444] [PAI SDK] Received event: log {"content":"✅  编译成功 6/27/2026, 3:41:37 PM\n\n","timestamp":1782546097084}
[15:41:41.459] File change detected. Updating...
[15:41:41.474] readProjectFiles, Found 56 files to read.
[15:41:41.508] Files read. Count: 56
[15:41:41.509] Calling pai.updateCloudDev...
[15:41:41.509] [PAI SDK] cloudServer.update called, appId: pai-preview-trae-7ff0a469
[15:41:41.511] [Preview Server] TRAE_JWT_TOKEN_PATH not set, using fallback: C:\Users\16907\.trae-cn\trae-jwt-token
[15:41:44.046] [PAI SDK] Received event: reload {"url":"aipa://pai-preview-trae-7ff0a469.aipa-cloud.bytedance.net?type=pai","timestamp":1782546102648}
[15:41:44.047] [PAI SDK] CloudServer received reload event: {"url":"aipa://pai-preview-trae-7ff0a469.aipa-cloud.bytedance.net?type=pai","timestamp":1782546102648}
[15:41:44.047] [PAI SDK] reload, url = https://sd62opo6oqou1ckhsuo00.apigateway-cn-beijing.volceapi.com/?faasInstanceName=vefaas-f0vkicge-38hai6w31d-d8vmm6g2032lkmqlt1og-sandbox&hash=pai-preview-trae-7ff0a469
[15:41:44.047] [PAI SDK] cloudServer.update response: {
  "status": "running",
  "reload": false,
  "hash": "pai-preview-trae-7ff0a469"
}
[15:41:44.048] Update success (pai.updateCloudDev returned)
[15:41:44.243] [PAI SDK] Received event: log {"content":"<i> [webpack-dev-middleware] wait until bundle finished: /js/app.1a96941f.js?faasInstanceName=vefaas-f0vkicge-38hai6w31d-d8vmm6g2032lkmqlt1og-sandbox&hash=pai-preview-trae-7ff0a469\n<i> [webpack-dev-middleware] wait until bundle finished: /js/runtime.1a96941f.js?faasInstanceName=vefaas-f0vkicge-38hai6w31d-d8vmm6g2032lkmqlt1og-sandbox&hash=pai-preview-trae-7ff0a469\n","timestamp":1782546102952}
[15:41:45.328] [PAI SDK] Received event: log {"content":"✅  编译成功 6/27/2026, 3:41:44 PM\n\n","timestamp":1782546104013}
[15:42:35.457] Received update request via HTTP
[15:42:37.475] File change detected. Updating...
[15:42:37.492] readProjectFiles, Found 56 files to read.
[15:42:37.527] Files read. Count: 56
[15:42:37.527] Calling pai.updateCloudDev...
[15:42:37.528] [PAI SDK] cloudServer.update called, appId: pai-preview-trae-7ff0a469
[15:42:37.530] [Preview Server] TRAE_JWT_TOKEN_PATH not set, using fallback: C:\Users\16907\.trae-cn\trae-jwt-token
[15:42:39.659] [PAI SDK] Received event: reload {"url":"aipa://pai-preview-trae-7ff0a469.aipa-cloud.bytedance.net?type=pai","timestamp":1782546158417}
[15:42:39.660] [PAI SDK] CloudServer received reload event: {"url":"aipa://pai-preview-trae-7ff0a469.aipa-cloud.bytedance.net?type=pai","timestamp":1782546158417}
[15:42:39.660] [PAI SDK] reload, url = https://sd62opo6oqou1ckhsuo00.apigateway-cn-beijing.volceapi.com/?faasInstanceName=vefaas-f0vkicge-38hai6w31d-d8vmm6g2032lkmqlt1og-sandbox&hash=pai-preview-trae-7ff0a469
[15:42:39.660] [PAI SDK] cloudServer.update response: {
  "status": "running",
  "reload": false,
  "hash": "pai-preview-trae-7ff0a469"
}
[15:42:39.660] Update success (pai.updateCloudDev returned)
[15:42:40.017] [PAI SDK] Received event: log {"content":"<i> [webpack-dev-middleware] wait until bundle finished: /\n","timestamp":1782546158685}
[15:42:40.880] [PAI SDK] Received event: log {"content":"✅  编译成功 6/27/2026, 3:42:39 PM\n\n","timestamp":1782546159659}
[15:42:59.104] [Preview Server] Frontend disconnected, clients size = 1
[15:43:07.794] [Preview Server] Frontend connected, clients size = 1
[15:43:07.794] Sending cached status to new connection, lastStatusMessage = {"event":"status_change","message":{"url":"https://sd62opo6oqou1ckhsuo00.apigateway-cn-beijing.volceapi.com/?faasInstanceName=vefaas-f0vkicge-38hai6w31d-d8vmm6g2032lkmqlt1og-sandbox&hash=pai-preview-trae-7ff0a469","schema":"aipa://preview?type=pai&aipa_id=pai-preview-trae-7ff0a469&uuid=cbf8d3a2-c296-4fa7-8d26-c1064098bf25","status":"running","framework":"taro"}}
[15:43:07.796] [Preview Server] TRAE_JWT_TOKEN_PATH not set, using fallback: C:\Users\16907\.trae-cn\trae-jwt-token
[15:44:02.013] [Preview Server] Frontend disconnected, clients size = 1
[15:44:20.659] [Preview Server] Frontend connected, clients size = 1
[15:44:20.659] Sending cached status to new connection, lastStatusMessage = {"event":"status_change","message":{"url":"https://sd62opo6oqou1ckhsuo00.apigateway-cn-beijing.volceapi.com/?faasInstanceName=vefaas-f0vkicge-38hai6w31d-d8vmm6g2032lkmqlt1og-sandbox&hash=pai-preview-trae-7ff0a469","schema":"aipa://preview?type=pai&aipa_id=pai-preview-trae-7ff0a469&uuid=cbf8d3a2-c296-4fa7-8d26-c1064098bf25","status":"running","framework":"taro"}}
[15:44:20.662] [Preview Server] TRAE_JWT_TOKEN_PATH not set, using fallback: C:\Users\16907\.trae-cn\trae-jwt-token
[15:45:06.046] Received update request via HTTP
[15:45:08.051] File change detected. Updating...
[15:45:08.069] readProjectFiles, Found 56 files to read.
[15:45:08.116] Files read. Count: 56
[15:45:08.116] Calling pai.updateCloudDev...
[15:45:08.116] [PAI SDK] cloudServer.update called, appId: pai-preview-trae-7ff0a469
[15:45:08.119] [Preview Server] TRAE_JWT_TOKEN_PATH not set, using fallback: C:\Users\16907\.trae-cn\trae-jwt-token
[15:45:15.155] [PAI SDK] Received event: reload {"url":"aipa://pai-preview-trae-7ff0a469.aipa-cloud.bytedance.net?type=pai","timestamp":1782546313899}
[15:45:15.156] [PAI SDK] CloudServer received reload event: {"url":"aipa://pai-preview-trae-7ff0a469.aipa-cloud.bytedance.net?type=pai","timestamp":1782546313899}
[15:45:15.156] [PAI SDK] reload, url = https://sd62opo6oqou1ckhsuo00.apigateway-cn-beijing.volceapi.com/?faasInstanceName=vefaas-f0vkicge-38hai6w31d-d8vmm6g2032lkmqlt1og-sandbox&hash=pai-preview-trae-7ff0a469
[15:45:15.156] [PAI SDK] cloudServer.update response: {
  "status": "running",
  "reload": false,
  "hash": "pai-preview-trae-7ff0a469"
}
[15:45:15.157] Update success (pai.updateCloudDev returned)
[15:45:15.483] [PAI SDK] Received event: log {"content":"<i> [webpack-dev-middleware] wait until bundle finished: /\n","timestamp":1782546314094}
[15:45:16.239] [PAI SDK] Received event: log {"content":"✅  编译成功 6/27/2026, 3:45:15 PM\n\n","timestamp":1782546315012}
[15:45:49.598] [Preview Server] Frontend disconnected, clients size = 1
[15:46:57.864] File change detected. Updating...
[15:46:57.882] readProjectFiles, Found 56 files to read.
[15:46:57.927] Files read. Count: 56
[15:46:57.928] Calling pai.updateCloudDev...
[15:46:57.928] [PAI SDK] cloudServer.update called, appId: pai-preview-trae-7ff0a469
[15:46:57.932] [Preview Server] TRAE_JWT_TOKEN_PATH not set, using fallback: C:\Users\16907\.trae-cn\trae-jwt-token
[15:46:58.184] [PAI SDK] Received event: reload {"url":"aipa://pai-preview-trae-7ff0a469.aipa-cloud.bytedance.net?type=pai","timestamp":1782546416932}
[15:46:58.184] [PAI SDK] CloudServer received reload event: {"url":"aipa://pai-preview-trae-7ff0a469.aipa-cloud.bytedance.net?type=pai","timestamp":1782546416932}
[15:46:58.184] [PAI SDK] reload, url = https://sd62opo6oqou1ckhsuo00.apigateway-cn-beijing.volceapi.com/?faasInstanceName=vefaas-f0vkicge-38hai6w31d-d8vmm6g2032lkmqlt1og-sandbox&hash=pai-preview-trae-7ff0a469
[15:46:58.185] [PAI SDK] cloudServer.update response: {
  "status": "running",
  "reload": false,
  "hash": "pai-preview-trae-7ff0a469"
}
[15:46:58.185] Update success (pai.updateCloudDev returned)
[15:46:59.623] [PAI SDK] Received event: log {"content":"✅  编译成功 6/27/2026, 3:46:58 PM\n\n","timestamp":1782546418381}
[15:47:12.073] File change detected. Updating...
[15:47:12.098] readProjectFiles, Found 56 files to read.
[15:47:12.155] Files read. Count: 56
[15:47:12.155] Calling pai.updateCloudDev...
[15:47:12.156] [PAI SDK] cloudServer.update called, appId: pai-preview-trae-7ff0a469
[15:47:12.160] [Preview Server] TRAE_JWT_TOKEN_PATH not set, using fallback: C:\Users\16907\.trae-cn\trae-jwt-token
[15:47:13.030] [PAI SDK] Received event: reload {"url":"aipa://pai-preview-trae-7ff0a469.aipa-cloud.bytedance.net?type=pai","timestamp":1782546431647}
[15:47:13.030] [PAI SDK] CloudServer received reload event: {"url":"aipa://pai-preview-trae-7ff0a469.aipa-cloud.bytedance.net?type=pai","timestamp":1782546431647}
[15:47:13.030] [PAI SDK] reload, url = https://sd62opo6oqou1ckhsuo00.apigateway-cn-beijing.volceapi.com/?faasInstanceName=vefaas-f0vkicge-38hai6w31d-d8vmm6g2032lkmqlt1og-sandbox&hash=pai-preview-trae-7ff0a469
[15:47:13.031] [PAI SDK] cloudServer.update response: {
  "status": "running",
  "reload": false,
  "hash": "pai-preview-trae-7ff0a469"
}
[15:47:13.031] Update success (pai.updateCloudDev returned)
[15:47:14.278] [PAI SDK] Received event: log {"content":"✅  编译成功 6/27/2026, 3:47:12 PM\n\n","timestamp":1782546432988}
[15:47:21.164] File change detected. Updating...
[15:47:21.183] readProjectFiles, Found 56 files to read.
[15:47:21.226] Files read. Count: 56
[15:47:21.227] Calling pai.updateCloudDev...
[15:47:21.227] [PAI SDK] cloudServer.update called, appId: pai-preview-trae-7ff0a469
[15:47:21.230] [Preview Server] TRAE_JWT_TOKEN_PATH not set, using fallback: C:\Users\16907\.trae-cn\trae-jwt-token
[15:47:22.441] [PAI SDK] Received event: reload {"url":"aipa://pai-preview-trae-7ff0a469.aipa-cloud.bytedance.net?type=pai","timestamp":1782546441216}
[15:47:22.441] [PAI SDK] CloudServer received reload event: {"url":"aipa://pai-preview-trae-7ff0a469.aipa-cloud.bytedance.net?type=pai","timestamp":1782546441216}
[15:47:22.441] [PAI SDK] reload, url = https://sd62opo6oqou1ckhsuo00.apigateway-cn-beijing.volceapi.com/?faasInstanceName=vefaas-f0vkicge-38hai6w31d-d8vmm6g2032lkmqlt1og-sandbox&hash=pai-preview-trae-7ff0a469
[15:47:22.442] [PAI SDK] cloudServer.update response: {
  "status": "running",
  "reload": false,
  "hash": "pai-preview-trae-7ff0a469"
}
[15:47:22.442] Update success (pai.updateCloudDev returned)
[15:47:23.719] [PAI SDK] Received event: log {"content":"✅  编译成功 6/27/2026, 3:47:22 PM\n\n","timestamp":1782546442438}
[15:47:34.321] File change detected. Updating...
[15:47:34.341] readProjectFiles, Found 56 files to read.
[15:47:34.379] Files read. Count: 56
[15:47:34.380] Calling pai.updateCloudDev...
[15:47:34.380] [PAI SDK] cloudServer.update called, appId: pai-preview-trae-7ff0a469
[15:47:34.383] [Preview Server] TRAE_JWT_TOKEN_PATH not set, using fallback: C:\Users\16907\.trae-cn\trae-jwt-token
[15:47:38.470] [PAI SDK] Received event: reload {"url":"aipa://pai-preview-trae-7ff0a469.aipa-cloud.bytedance.net?type=pai","timestamp":1782546457233}
[15:47:38.470] [PAI SDK] CloudServer received reload event: {"url":"aipa://pai-preview-trae-7ff0a469.aipa-cloud.bytedance.net?type=pai","timestamp":1782546457233}
[15:47:38.470] [PAI SDK] reload, url = https://sd62opo6oqou1ckhsuo00.apigateway-cn-beijing.volceapi.com/?faasInstanceName=vefaas-f0vkicge-38hai6w31d-d8vmm6g2032lkmqlt1og-sandbox&hash=pai-preview-trae-7ff0a469
[15:47:38.470] [PAI SDK] cloudServer.update response: {
  "status": "running",
  "reload": false,
  "hash": "pai-preview-trae-7ff0a469"
}
[15:47:38.470] Update success (pai.updateCloudDev returned)
[15:47:39.889] [PAI SDK] Received event: log {"content":"✅  编译成功 6/27/2026, 3:47:38 PM\n\n","timestamp":1782546458650}
[15:47:43.560] Received update request via HTTP
[15:47:45.570] File change detected. Updating...
[15:47:45.587] readProjectFiles, Found 56 files to read.
[15:47:45.627] Files read. Count: 56
[15:47:45.627] Calling pai.updateCloudDev...
[15:47:45.628] [PAI SDK] cloudServer.update called, appId: pai-preview-trae-7ff0a469
[15:47:45.630] [Preview Server] TRAE_JWT_TOKEN_PATH not set, using fallback: C:\Users\16907\.trae-cn\trae-jwt-token
[15:47:46.853] [PAI SDK] Received event: reload {"url":"aipa://pai-preview-trae-7ff0a469.aipa-cloud.bytedance.net?type=pai","timestamp":1782546465629}
[15:47:46.853] [PAI SDK] CloudServer received reload event: {"url":"aipa://pai-preview-trae-7ff0a469.aipa-cloud.bytedance.net?type=pai","timestamp":1782546465629}
[15:47:46.853] [PAI SDK] reload, url = https://sd62opo6oqou1ckhsuo00.apigateway-cn-beijing.volceapi.com/?faasInstanceName=vefaas-f0vkicge-38hai6w31d-d8vmm6g2032lkmqlt1og-sandbox&hash=pai-preview-trae-7ff0a469
[15:47:46.854] [PAI SDK] cloudServer.update response: {
  "status": "running",
  "reload": false,
  "hash": "pai-preview-trae-7ff0a469"
}
[15:47:46.854] Update success (pai.updateCloudDev returned)
[15:47:48.017] [PAI SDK] Received event: log {"content":"✅  编译成功 6/27/2026, 3:47:46 PM\n\n","timestamp":1782546466690}
[15:49:04.295] [Preview Server] Frontend connected, clients size = 1
[15:49:04.296] Sending cached status to new connection, lastStatusMessage = {"event":"status_change","message":{"url":"https://sd62opo6oqou1ckhsuo00.apigateway-cn-beijing.volceapi.com/?faasInstanceName=vefaas-f0vkicge-38hai6w31d-d8vmm6g2032lkmqlt1og-sandbox&hash=pai-preview-trae-7ff0a469","schema":"aipa://preview?type=pai&aipa_id=pai-preview-trae-7ff0a469&uuid=cbf8d3a2-c296-4fa7-8d26-c1064098bf25","status":"running","framework":"taro"}}
[15:49:04.305] [Preview Server] TRAE_JWT_TOKEN_PATH not set, using fallback: C:\Users\16907\.trae-cn\trae-jwt-token
[15:51:16.032] File change detected. Updating...
[15:51:16.048] readProjectFiles, Found 57 files to read.
[15:51:16.086] Files read. Count: 57
[15:51:16.086] Calling pai.updateCloudDev...
[15:51:16.087] [PAI SDK] cloudServer.update called, appId: pai-preview-trae-7ff0a469
[15:51:16.089] [Preview Server] TRAE_JWT_TOKEN_PATH not set, using fallback: C:\Users\16907\.trae-cn\trae-jwt-token
[15:51:17.430] [PAI SDK] Received event: reload {"url":"aipa://pai-preview-trae-7ff0a469.aipa-cloud.bytedance.net?type=pai","timestamp":1782546676186}
[15:51:17.430] [PAI SDK] CloudServer received reload event: {"url":"aipa://pai-preview-trae-7ff0a469.aipa-cloud.bytedance.net?type=pai","timestamp":1782546676186}
[15:51:17.430] [PAI SDK] reload, url = https://sd62opo6oqou1ckhsuo00.apigateway-cn-beijing.volceapi.com/?faasInstanceName=vefaas-f0vkicge-38hai6w31d-d8vmm6g2032lkmqlt1og-sandbox&hash=pai-preview-trae-7ff0a469
[15:51:17.431] [PAI SDK] cloudServer.update response: {
  "status": "running",
  "reload": false,
  "hash": "pai-preview-trae-7ff0a469"
}
[15:51:17.431] Update success (pai.updateCloudDev returned)
[15:51:17.770] [PAI SDK] Received event: log {"content":"<i> [webpack-dev-middleware] wait until bundle finished: /\n","timestamp":1782546676467}
[15:51:18.762] [PAI SDK] Received event: log {"content":"✅  编译成功 6/27/2026, 3:51:17 PM\n\n","timestamp":1782546677528}
[15:51:31.106] Received update request via HTTP
[15:51:33.110] File change detected. Updating...
[15:51:33.127] readProjectFiles, Found 57 files to read.
[15:51:33.173] Files read. Count: 57
[15:51:33.173] Calling pai.updateCloudDev...
[15:51:33.173] [PAI SDK] cloudServer.update called, appId: pai-preview-trae-7ff0a469
[15:51:33.176] [Preview Server] TRAE_JWT_TOKEN_PATH not set, using fallback: C:\Users\16907\.trae-cn\trae-jwt-token
[15:51:34.148] [PAI SDK] Received event: reload {"url":"aipa://pai-preview-trae-7ff0a469.aipa-cloud.bytedance.net?type=pai","timestamp":1782546692908}
[15:51:34.149] [PAI SDK] CloudServer received reload event: {"url":"aipa://pai-preview-trae-7ff0a469.aipa-cloud.bytedance.net?type=pai","timestamp":1782546692908}
[15:51:34.149] [PAI SDK] reload, url = https://sd62opo6oqou1ckhsuo00.apigateway-cn-beijing.volceapi.com/?faasInstanceName=vefaas-f0vkicge-38hai6w31d-d8vmm6g2032lkmqlt1og-sandbox&hash=pai-preview-trae-7ff0a469
[15:51:34.149] [PAI SDK] cloudServer.update response: {
  "status": "running",
  "reload": false,
  "hash": "pai-preview-trae-7ff0a469"
}
[15:51:34.150] Update success (pai.updateCloudDev returned)
[15:51:34.313] [PAI SDK] Received event: log {"content":"<i> [webpack-dev-middleware] wait until bundle finished: /\n","timestamp":1782546693017}
[15:51:36.074] [PAI SDK] Received event: log {"content":"✅  编译成功 6/27/2026, 3:51:34 PM\n\n","timestamp":1782546694787}
[15:51:53.982] File change detected. Updating...
[15:51:54.007] readProjectFiles, Found 62 files to read.
[15:51:54.079] Files read. Count: 62
[15:51:54.079] Calling pai.updateCloudDev...
[15:51:54.080] [PAI SDK] cloudServer.update called, appId: pai-preview-trae-7ff0a469
[15:51:54.115] [Preview Server] TRAE_JWT_TOKEN_PATH not set, using fallback: C:\Users\16907\.trae-cn\trae-jwt-token
[15:52:03.441] [Preview Server] Frontend disconnected, clients size = 1
[15:52:08.672] [Preview Server] Frontend connected, clients size = 1
[15:52:08.672] Sending cached status to new connection, lastStatusMessage = {"event":"status_change","message":{"url":"https://sd62opo6oqou1ckhsuo00.apigateway-cn-beijing.volceapi.com/?faasInstanceName=vefaas-f0vkicge-38hai6w31d-d8vmm6g2032lkmqlt1og-sandbox&hash=pai-preview-trae-7ff0a469","schema":"aipa://preview?type=pai&aipa_id=pai-preview-trae-7ff0a469&uuid=cbf8d3a2-c296-4fa7-8d26-c1064098bf25","status":"running","framework":"taro"}}
[15:52:08.684] [Preview Server] TRAE_JWT_TOKEN_PATH not set, using fallback: C:\Users\16907\.trae-cn\trae-jwt-token
[15:52:13.431] [Preview Server] Frontend disconnected, clients size = 1
[15:52:18.866] [PAI SDK] Received event: reload {"url":"aipa://pai-preview-trae-7ff0a469.aipa-cloud.bytedance.net?type=pai","timestamp":1782546737632}
[15:52:18.867] [PAI SDK] CloudServer received reload event: {"url":"aipa://pai-preview-trae-7ff0a469.aipa-cloud.bytedance.net?type=pai","timestamp":1782546737632}
[15:52:18.867] [PAI SDK] reload, url = https://sd62opo6oqou1ckhsuo00.apigateway-cn-beijing.volceapi.com/?faasInstanceName=vefaas-f0vkicge-38hai6w31d-d8vmm6g2032lkmqlt1og-sandbox&hash=pai-preview-trae-7ff0a469
[15:52:18.867] [PAI SDK] cloudServer.update response: {
  "status": "running",
  "reload": false,
  "hash": "pai-preview-trae-7ff0a469"
}
[15:52:18.867] Update success (pai.updateCloudDev returned)
[15:52:20.749] [Preview Server] Frontend connected, clients size = 1
[15:52:20.749] Sending cached status to new connection, lastStatusMessage = {"event":"status_change","message":{"url":"https://sd62opo6oqou1ckhsuo00.apigateway-cn-beijing.volceapi.com/?faasInstanceName=vefaas-f0vkicge-38hai6w31d-d8vmm6g2032lkmqlt1og-sandbox&hash=pai-preview-trae-7ff0a469","schema":"aipa://preview?type=pai&aipa_id=pai-preview-trae-7ff0a469&uuid=cbf8d3a2-c296-4fa7-8d26-c1064098bf25","status":"running","framework":"taro"}}
[15:52:20.751] [Preview Server] TRAE_JWT_TOKEN_PATH not set, using fallback: C:\Users\16907\.trae-cn\trae-jwt-token
[15:52:20.833] [PAI SDK] Received event: log {"content":"✅  编译成功 6/27/2026, 3:52:19 PM\n\n","timestamp":1782546739569}
[15:52:26.243] [Preview Server] Frontend disconnected, clients size = 1
[15:52:30.006] [Preview Server] Frontend connected, clients size = 1
[15:52:30.006] Sending cached status to new connection, lastStatusMessage = {"event":"status_change","message":{"url":"https://sd62opo6oqou1ckhsuo00.apigateway-cn-beijing.volceapi.com/?faasInstanceName=vefaas-f0vkicge-38hai6w31d-d8vmm6g2032lkmqlt1og-sandbox&hash=pai-preview-trae-7ff0a469","schema":"aipa://preview?type=pai&aipa_id=pai-preview-trae-7ff0a469&uuid=cbf8d3a2-c296-4fa7-8d26-c1064098bf25","status":"running","framework":"taro"}}
[15:52:30.007] [Preview Server] TRAE_JWT_TOKEN_PATH not set, using fallback: C:\Users\16907\.trae-cn\trae-jwt-token
[15:53:07.010] File change detected. Updating...
[15:53:07.029] readProjectFiles, Found 62 files to read.
[15:53:07.075] Files read. Count: 62
[15:53:07.075] Calling pai.updateCloudDev...
[15:53:07.076] [PAI SDK] cloudServer.update called, appId: pai-preview-trae-7ff0a469
[15:53:07.099] [Preview Server] TRAE_JWT_TOKEN_PATH not set, using fallback: C:\Users\16907\.trae-cn\trae-jwt-token
[15:53:30.345] [PAI SDK] Received event: reload {"url":"aipa://pai-preview-trae-7ff0a469.aipa-cloud.bytedance.net?type=pai","timestamp":1782546809054}
[15:53:30.345] [PAI SDK] CloudServer received reload event: {"url":"aipa://pai-preview-trae-7ff0a469.aipa-cloud.bytedance.net?type=pai","timestamp":1782546809054}
[15:53:30.345] [PAI SDK] reload, url = https://sd62opo6oqou1ckhsuo00.apigateway-cn-beijing.volceapi.com/?faasInstanceName=vefaas-f0vkicge-38hai6w31d-d8vmm6g2032lkmqlt1og-sandbox&hash=pai-preview-trae-7ff0a469
[15:53:30.346] [PAI SDK] cloudServer.update response: {
  "status": "running",
  "reload": false,
  "hash": "pai-preview-trae-7ff0a469"
}
[15:53:30.346] Update success (pai.updateCloudDev returned)
[15:53:32.888] [PAI SDK] Received event: log {"content":"✅  编译成功 6/27/2026, 3:53:31 PM\n\n","timestamp":1782546811606}
[15:54:16.904] File change detected. Updating...
[15:54:16.923] readProjectFiles, Found 62 files to read.
[15:54:17.014] Files read. Count: 62
[15:54:17.015] Calling pai.updateCloudDev...
[15:54:17.015] [PAI SDK] cloudServer.update called, appId: pai-preview-trae-7ff0a469
[15:54:17.042] [Preview Server] TRAE_JWT_TOKEN_PATH not set, using fallback: C:\Users\16907\.trae-cn\trae-jwt-token
[15:54:32.268] File change detected. Updating...
[15:54:32.287] readProjectFiles, Found 62 files to read.
[15:54:32.329] Files read. Count: 62
[15:54:32.329] Calling pai.updateCloudDev...
[15:54:32.330] [PAI SDK] cloudServer.update called, appId: pai-preview-trae-7ff0a469
[15:54:32.354] [Preview Server] TRAE_JWT_TOKEN_PATH not set, using fallback: C:\Users\16907\.trae-cn\trae-jwt-token
[15:54:47.126] File change detected. Updating...
[15:54:47.149] readProjectFiles, Found 62 files to read.
[15:54:47.204] Files read. Count: 62
[15:54:47.204] Calling pai.updateCloudDev...
[15:54:47.205] [PAI SDK] cloudServer.update called, appId: pai-preview-trae-7ff0a469
[15:54:47.230] [Preview Server] TRAE_JWT_TOKEN_PATH not set, using fallback: C:\Users\16907\.trae-cn\trae-jwt-token
[15:54:48.262] [PAI SDK] Received event: reload {"url":"aipa://pai-preview-trae-7ff0a469.aipa-cloud.bytedance.net?type=pai","timestamp":1782546887021}
[15:54:48.262] [PAI SDK] CloudServer received reload event: {"url":"aipa://pai-preview-trae-7ff0a469.aipa-cloud.bytedance.net?type=pai","timestamp":1782546887021}
[15:54:48.262] [PAI SDK] reload, url = https://sd62opo6oqou1ckhsuo00.apigateway-cn-beijing.volceapi.com/?faasInstanceName=vefaas-f0vkicge-38hai6w31d-d8vmm6g2032lkmqlt1og-sandbox&hash=pai-preview-trae-7ff0a469
[15:54:48.263] [PAI SDK] cloudServer.update response: {
  "status": "running",
  "reload": false,
  "hash": "pai-preview-trae-7ff0a469"
}
[15:54:48.263] Update success (pai.updateCloudDev returned)
[15:54:49.528] [PAI SDK] Received event: log {"content":"✅  编译成功 6/27/2026, 3:54:48 PM\n\n","timestamp":1782546888262}
[15:54:55.900] Received update request via HTTP
[15:54:57.905] File change detected. Updating...
[15:54:57.926] readProjectFiles, Found 62 files to read.
[15:54:57.979] Files read. Count: 62
[15:54:57.980] Calling pai.updateCloudDev...
[15:54:57.980] [PAI SDK] cloudServer.update called, appId: pai-preview-trae-7ff0a469
[15:54:58.008] [Preview Server] TRAE_JWT_TOKEN_PATH not set, using fallback: C:\Users\16907\.trae-cn\trae-jwt-token
[15:55:19.294] [PAI SDK] Received event: reload {"url":"aipa://pai-preview-trae-7ff0a469.aipa-cloud.bytedance.net?type=pai","timestamp":1782546917927}
[15:55:19.294] [PAI SDK] CloudServer received reload event: {"url":"aipa://pai-preview-trae-7ff0a469.aipa-cloud.bytedance.net?type=pai","timestamp":1782546917927}
[15:55:19.295] [PAI SDK] reload, url = https://sd62opo6oqou1ckhsuo00.apigateway-cn-beijing.volceapi.com/?faasInstanceName=vefaas-f0vkicge-38hai6w31d-d8vmm6g2032lkmqlt1og-sandbox&hash=pai-preview-trae-7ff0a469
[15:55:19.295] [PAI SDK] cloudServer.update response: {
  "status": "running",
  "reload": false,
  "hash": "pai-preview-trae-7ff0a469"
}
[15:55:19.295] Update success (pai.updateCloudDev returned)
[15:55:19.750] [PAI SDK] Received event: log {"content":"<i> [webpack-dev-middleware] wait until bundle finished: /\n","timestamp":1782546918339}
[15:55:21.129] [PAI SDK] Received event: log {"content":"✅  编译成功 6/27/2026, 3:55:19 PM\n\n","timestamp":1782546919869}
[15:55:53.655] [PAI SDK] Received event: reload {"url":"aipa://pai-preview-trae-7ff0a469.aipa-cloud.bytedance.net?type=pai","timestamp":1782546952323}
[15:55:53.655] [PAI SDK] CloudServer received reload event: {"url":"aipa://pai-preview-trae-7ff0a469.aipa-cloud.bytedance.net?type=pai","timestamp":1782546952323}
[15:55:53.655] [PAI SDK] reload, url = https://sd62opo6oqou1ckhsuo00.apigateway-cn-beijing.volceapi.com/?faasInstanceName=vefaas-f0vkicge-38hai6w31d-d8vmm6g2032lkmqlt1og-sandbox&hash=pai-preview-trae-7ff0a469
[15:55:53.794] [PAI SDK] cloudServer.update response: {
  "status": "running",
  "reload": false,
  "hash": "pai-preview-trae-7ff0a469"
}
[15:55:53.795] Update success (pai.updateCloudDev returned)
[15:55:53.796] [PAI SDK] Received event: log {"content":"<i> [webpack-dev-middleware] wait until bundle finished: /\n","timestamp":1782546952496}
[15:55:56.103] [PAI SDK] Received event: log {"content":"✅  编译成功 6/27/2026, 3:55:54 PM\n\n","timestamp":1782546954597}
[15:56:10.606] [PAI SDK] Received event: reload {"url":"aipa://pai-preview-trae-7ff0a469.aipa-cloud.bytedance.net?type=pai","timestamp":1782546969291}
[15:56:10.606] [PAI SDK] CloudServer received reload event: {"url":"aipa://pai-preview-trae-7ff0a469.aipa-cloud.bytedance.net?type=pai","timestamp":1782546969291}
[15:56:10.606] [PAI SDK] reload, url = https://sd62opo6oqou1ckhsuo00.apigateway-cn-beijing.volceapi.com/?faasInstanceName=vefaas-f0vkicge-38hai6w31d-d8vmm6g2032lkmqlt1og-sandbox&hash=pai-preview-trae-7ff0a469
[15:56:10.607] [PAI SDK] cloudServer.update response: {
  "status": "running",
  "reload": false,
  "hash": "pai-preview-trae-7ff0a469"
}
[15:56:10.607] Update success (pai.updateCloudDev returned)
[15:56:10.697] [PAI SDK] Received event: log {"content":"<i> [webpack-dev-middleware] wait until bundle finished: /\n","timestamp":1782546969429}
[15:56:11.572] [PAI SDK] Received event: log {"content":"✅  编译成功 6/27/2026, 3:56:10 PM\n\n","timestamp":1782546970336}
[15:56:54.294] [Preview Server] Frontend disconnected, clients size = 1
[15:56:57.183] [Preview Server] Frontend connected, clients size = 1
[15:56:57.183] Sending cached status to new connection, lastStatusMessage = {"event":"status_change","message":{"url":"https://sd62opo6oqou1ckhsuo00.apigateway-cn-beijing.volceapi.com/?faasInstanceName=vefaas-f0vkicge-38hai6w31d-d8vmm6g2032lkmqlt1og-sandbox&hash=pai-preview-trae-7ff0a469","schema":"aipa://preview?type=pai&aipa_id=pai-preview-trae-7ff0a469&uuid=cbf8d3a2-c296-4fa7-8d26-c1064098bf25","status":"running","framework":"taro"}}
[15:56:57.193] [Preview Server] TRAE_JWT_TOKEN_PATH not set, using fallback: C:\Users\16907\.trae-cn\trae-jwt-token
[15:58:05.076] File change detected. Updating...
[15:58:05.124] readProjectFiles, Found 63 files to read.
[15:58:05.180] Files read. Count: 63
[15:58:05.180] Calling pai.updateCloudDev...
[15:58:05.181] [PAI SDK] cloudServer.update called, appId: pai-preview-trae-7ff0a469
[15:58:05.207] [Preview Server] TRAE_JWT_TOKEN_PATH not set, using fallback: C:\Users\16907\.trae-cn\trae-jwt-token
[15:58:15.581] [PAI SDK] Received event: reload {"url":"aipa://pai-preview-trae-7ff0a469.aipa-cloud.bytedance.net?type=pai","timestamp":1782547094336}
[15:58:15.581] [PAI SDK] CloudServer received reload event: {"url":"aipa://pai-preview-trae-7ff0a469.aipa-cloud.bytedance.net?type=pai","timestamp":1782547094336}
[15:58:15.581] [PAI SDK] reload, url = https://sd62opo6oqou1ckhsuo00.apigateway-cn-beijing.volceapi.com/?faasInstanceName=vefaas-f0vkicge-38hai6w31d-d8vmm6g2032lkmqlt1og-sandbox&hash=pai-preview-trae-7ff0a469
[15:58:15.582] [PAI SDK] cloudServer.update response: {
  "status": "running",
  "reload": false,
  "hash": "pai-preview-trae-7ff0a469"
}
[15:58:15.582] Update success (pai.updateCloudDev returned)
[15:58:16.973] [PAI SDK] Received event: log {"content":"✅  编译成功 6/27/2026, 3:58:15 PM\n\n","timestamp":1782547095734}
[15:58:32.437] File change detected. Updating...
[15:58:32.475] readProjectFiles, Found 70 files to read.
[15:58:32.535] Files read. Count: 70
[15:58:32.535] Calling pai.updateCloudDev...
[15:58:32.536] [PAI SDK] cloudServer.update called, appId: pai-preview-trae-7ff0a469
[15:58:32.572] [Preview Server] TRAE_JWT_TOKEN_PATH not set, using fallback: C:\Users\16907\.trae-cn\trae-jwt-token
[15:58:49.924] File change detected. Updating...
[15:58:49.954] readProjectFiles, Found 71 files to read.
[15:58:50.015] Files read. Count: 71
[15:58:50.016] Calling pai.updateCloudDev...
[15:58:50.016] [PAI SDK] cloudServer.update called, appId: pai-preview-trae-7ff0a469
[15:58:50.050] [Preview Server] TRAE_JWT_TOKEN_PATH not set, using fallback: C:\Users\16907\.trae-cn\trae-jwt-token
[15:58:51.759] [PAI SDK] Received event: reload {"url":"aipa://pai-preview-trae-7ff0a469.aipa-cloud.bytedance.net?type=pai","timestamp":1782547130509}
[15:58:51.759] [PAI SDK] CloudServer received reload event: {"url":"aipa://pai-preview-trae-7ff0a469.aipa-cloud.bytedance.net?type=pai","timestamp":1782547130509}
[15:58:51.759] [PAI SDK] reload, url = https://sd62opo6oqou1ckhsuo00.apigateway-cn-beijing.volceapi.com/?faasInstanceName=vefaas-f0vkicge-38hai6w31d-d8vmm6g2032lkmqlt1og-sandbox&hash=pai-preview-trae-7ff0a469
[15:58:51.760] [PAI SDK] cloudServer.update response: {
  "status": "running",
  "reload": false,
  "hash": "pai-preview-trae-7ff0a469"
}
[15:58:51.760] Update success (pai.updateCloudDev returned)
[15:58:53.724] [PAI SDK] Received event: log {"content":"✅  编译成功 6/27/2026, 3:58:52 PM\n\n","timestamp":1782547132484}
[15:59:07.951] File change detected. Updating...
[15:59:07.978] readProjectFiles, Found 72 files to read.
[15:59:08.038] Files read. Count: 72
[15:59:08.039] Calling pai.updateCloudDev...
[15:59:08.039] [PAI SDK] cloudServer.update called, appId: pai-preview-trae-7ff0a469
[15:59:08.079] [Preview Server] TRAE_JWT_TOKEN_PATH not set, using fallback: C:\Users\16907\.trae-cn\trae-jwt-token
[15:59:26.573] File change detected. Updating...
[15:59:26.611] readProjectFiles, Found 73 files to read.
[15:59:26.672] Files read. Count: 73
[15:59:26.673] Calling pai.updateCloudDev...
[15:59:26.673] [PAI SDK] cloudServer.update called, appId: pai-preview-trae-7ff0a469
[15:59:26.708] [Preview Server] TRAE_JWT_TOKEN_PATH not set, using fallback: C:\Users\16907\.trae-cn\trae-jwt-token
[15:59:40.889] [PAI SDK] Received event: reload {"url":"aipa://pai-preview-trae-7ff0a469.aipa-cloud.bytedance.net?type=pai","timestamp":1782547179637}
[15:59:40.890] [PAI SDK] CloudServer received reload event: {"url":"aipa://pai-preview-trae-7ff0a469.aipa-cloud.bytedance.net?type=pai","timestamp":1782547179637}
[15:59:40.890] [PAI SDK] reload, url = https://sd62opo6oqou1ckhsuo00.apigateway-cn-beijing.volceapi.com/?faasInstanceName=vefaas-f0vkicge-38hai6w31d-d8vmm6g2032lkmqlt1og-sandbox&hash=pai-preview-trae-7ff0a469
[15:59:40.890] [PAI SDK] cloudServer.update response: {
  "status": "running",
  "reload": false,
  "hash": "pai-preview-trae-7ff0a469"
}
[15:59:40.890] Update success (pai.updateCloudDev returned)
[15:59:42.017] [PAI SDK] Received event: log {"content":"✅  编译成功 6/27/2026, 3:59:40 PM\n\n","timestamp":1782547180746}
[15:59:44.415] File change detected. Updating...
[15:59:44.445] readProjectFiles, Found 74 files to read.
[15:59:44.514] Files read. Count: 74
[15:59:44.514] Calling pai.updateCloudDev...
[15:59:44.515] [PAI SDK] cloudServer.update called, appId: pai-preview-trae-7ff0a469
[15:59:44.557] [Preview Server] TRAE_JWT_TOKEN_PATH not set, using fallback: C:\Users\16907\.trae-cn\trae-jwt-token
[15:59:59.321] [PAI SDK] Received event: reload {"url":"aipa://pai-preview-trae-7ff0a469.aipa-cloud.bytedance.net?type=pai","timestamp":1782547198029}
[15:59:59.322] [PAI SDK] CloudServer received reload event: {"url":"aipa://pai-preview-trae-7ff0a469.aipa-cloud.bytedance.net?type=pai","timestamp":1782547198029}
[15:59:59.322] [PAI SDK] reload, url = https://sd62opo6oqou1ckhsuo00.apigateway-cn-beijing.volceapi.com/?faasInstanceName=vefaas-f0vkicge-38hai6w31d-d8vmm6g2032lkmqlt1og-sandbox&hash=pai-preview-trae-7ff0a469
[15:59:59.322] [PAI SDK] cloudServer.update response: {
  "status": "running",
  "reload": false,
  "hash": "pai-preview-trae-7ff0a469"
}
[15:59:59.323] Update success (pai.updateCloudDev returned)
[15:59:59.479] [PAI SDK] Received event: log {"content":"<i> [webpack-dev-middleware] wait until bundle finished: /\n","timestamp":1782547198177}
[16:00:01.355] [PAI SDK] Received event: log {"content":"✅  编译成功 6/27/2026, 4:00:00 PM\n\n","timestamp":1782547200069}
[16:00:31.143] [PAI SDK] Received event: reload {"url":"aipa://pai-preview-trae-7ff0a469.aipa-cloud.bytedance.net?type=pai","timestamp":1782547229884}
[16:00:31.144] [PAI SDK] CloudServer received reload event: {"url":"aipa://pai-preview-trae-7ff0a469.aipa-cloud.bytedance.net?type=pai","timestamp":1782547229884}
[16:00:31.144] [PAI SDK] reload, url = https://sd62opo6oqou1ckhsuo00.apigateway-cn-beijing.volceapi.com/?faasInstanceName=vefaas-f0vkicge-38hai6w31d-d8vmm6g2032lkmqlt1og-sandbox&hash=pai-preview-trae-7ff0a469
[16:00:31.144] [PAI SDK] cloudServer.update response: {
  "status": "running",
  "reload": false,
  "hash": "pai-preview-trae-7ff0a469"
}
[16:00:31.145] Update success (pai.updateCloudDev returned)
[16:00:32.228] [PAI SDK] Received event: log {"content":"✅  编译成功 6/27/2026, 4:00:30 PM\n\n","timestamp":1782547230974}
[16:00:47.217] [PAI SDK] Received event: reload {"url":"aipa://pai-preview-trae-7ff0a469.aipa-cloud.bytedance.net?type=pai","timestamp":1782547245892}
[16:00:47.218] [PAI SDK] CloudServer received reload event: {"url":"aipa://pai-preview-trae-7ff0a469.aipa-cloud.bytedance.net?type=pai","timestamp":1782547245892}
[16:00:47.218] [PAI SDK] reload, url = https://sd62opo6oqou1ckhsuo00.apigateway-cn-beijing.volceapi.com/?faasInstanceName=vefaas-f0vkicge-38hai6w31d-d8vmm6g2032lkmqlt1og-sandbox&hash=pai-preview-trae-7ff0a469
[16:00:47.218] [PAI SDK] cloudServer.update response: {
  "status": "running",
  "reload": false,
  "hash": "pai-preview-trae-7ff0a469"
}
[16:00:47.219] Update success (pai.updateCloudDev returned)
[16:00:47.351] [PAI SDK] Received event: log {"content":"<i> [webpack-dev-middleware] wait until bundle finished: /\n","timestamp":1782547246079}
[16:00:49.157] [PAI SDK] Received event: log {"content":"✅  编译成功 6/27/2026, 4:00:47 PM\n\n","timestamp":1782547247917}
[16:01:06.641] File change detected. Updating...
[16:01:06.674] readProjectFiles, Found 74 files to read.
[16:01:06.737] Files read. Count: 74
[16:01:06.737] Calling pai.updateCloudDev...
[16:01:06.738] [PAI SDK] cloudServer.update called, appId: pai-preview-trae-7ff0a469
[16:01:06.781] [Preview Server] TRAE_JWT_TOKEN_PATH not set, using fallback: C:\Users\16907\.trae-cn\trae-jwt-token
[16:01:19.608] [PAI SDK] Received event: reload {"url":"aipa://pai-preview-trae-7ff0a469.aipa-cloud.bytedance.net?type=pai","timestamp":1782547278355}
[16:01:19.608] [PAI SDK] CloudServer received reload event: {"url":"aipa://pai-preview-trae-7ff0a469.aipa-cloud.bytedance.net?type=pai","timestamp":1782547278355}
[16:01:19.608] [PAI SDK] reload, url = https://sd62opo6oqou1ckhsuo00.apigateway-cn-beijing.volceapi.com/?faasInstanceName=vefaas-f0vkicge-38hai6w31d-d8vmm6g2032lkmqlt1og-sandbox&hash=pai-preview-trae-7ff0a469
[16:01:19.609] [PAI SDK] cloudServer.update response: {
  "status": "running",
  "reload": false,
  "hash": "pai-preview-trae-7ff0a469"
}
[16:01:19.609] Update success (pai.updateCloudDev returned)
[16:01:19.656] [PAI SDK] Received event: log {"content":"<i> [webpack-dev-middleware] wait until bundle finished: /\n","timestamp":1782547278410}
[16:01:20.757] [PAI SDK] Received event: log {"content":"✅  编译成功 6/27/2026, 4:01:19 PM\n\n","timestamp":1782547279499}
[16:09:13.747] [Preview Server] Frontend disconnected, clients size = 1
[16:09:17.625] [Preview Server] Frontend connected, clients size = 1
[16:09:17.626] Sending cached status to new connection, lastStatusMessage = {"event":"status_change","message":{"url":"https://sd62opo6oqou1ckhsuo00.apigateway-cn-beijing.volceapi.com/?faasInstanceName=vefaas-f0vkicge-38hai6w31d-d8vmm6g2032lkmqlt1og-sandbox&hash=pai-preview-trae-7ff0a469","schema":"aipa://preview?type=pai&aipa_id=pai-preview-trae-7ff0a469&uuid=cbf8d3a2-c296-4fa7-8d26-c1064098bf25","status":"running","framework":"taro"}}
[16:09:17.632] [Preview Server] TRAE_JWT_TOKEN_PATH not set, using fallback: C:\Users\16907\.trae-cn\trae-jwt-token
[16:12:42.672] [Preview Server] Frontend disconnected, clients size = 1
